Path,Classe
Dataset\Testing\No\N1.jpg,0
Dataset\Testing\No\N10.jpg,0
Dataset\Testing\No\N100.jpg,0
Dataset\Testing\No\N101.jpg,0
Dataset\Testing\No\N102.jpg,0
Dataset\Testing\No\N103.jpg,0
Dataset\Testing\No\N104.jpg,0
Dataset\Testing\No\N105.jpg,0
Dataset\Testing\No\N11.jpg,0
Dataset\Testing\No\N12.jpg,0
Dataset\Testing\No\N13.jpg,0
Dataset\Testing\No\N14.jpg,0
Dataset\Testing\No\N15.jpg,0
Dataset\Testing\No\N16.jpg,0
Dataset\Testing\No\N17.jpg,0
Dataset\Testing\No\N18.jpg,0
Dataset\Testing\No\N19.jpg,0
Dataset\Testing\No\N2.jpg,0
Dataset\Testing\No\N20.jpg,0
Dataset\Testing\No\N21.jpg,0
Dataset\Testing\No\N22.jpg,0
Dataset\Testing\No\N23.jpg,0
Dataset\Testing\No\N24.jpg,0
Dataset\Testing\No\N25.jpg,0
Dataset\Testing\No\N26.jpg,0
Dataset\Testing\No\N27.jpg,0
Dataset\Testing\No\N28.jpg,0
Dataset\Testing\No\N29.jpg,0
Dataset\Testing\No\N3.jpg,0
Dataset\Testing\No\N30.jpg,0
Dataset\Testing\No\N31.jpg,0
Dataset\Testing\No\N32.jpg,0
Dataset\Testing\No\N33.jpg,0
Dataset\Testing\No\N34.jpg,0
Dataset\Testing\No\N35.jpg,0
Dataset\Testing\No\N36.jpg,0
Dataset\Testing\No\N37.jpg,0
Dataset\Testing\No\N38.jpg,0
Dataset\Testing\No\N39.jpg,0
Dataset\Testing\No\N4.jpg,0
Dataset\Testing\No\N40.jpg,0
Dataset\Testing\No\N41.jpg,0
Dataset\Testing\No\N42.jpg,0
Dataset\Testing\No\N43.jpg,0
Dataset\Testing\No\N44.jpg,0
Dataset\Testing\No\N45.jpg,0
Dataset\Testing\No\N46.jpg,0
Dataset\Testing\No\N47.jpg,0
Dataset\Testing\No\N48.jpg,0
Dataset\Testing\No\N49.jpg,0
Dataset\Testing\No\N5.jpg,0
Dataset\Testing\No\N50.jpg,0
Dataset\Testing\No\N51.jpg,0
Dataset\Testing\No\N52.jpg,0
Dataset\Testing\No\N53.jpg,0
Dataset\Testing\No\N54.jpg,0
Dataset\Testing\No\N55.jpg,0
Dataset\Testing\No\N56.jpg,0
Dataset\Testing\No\N57.jpg,0
Dataset\Testing\No\N58.jpg,0
Dataset\Testing\No\N59.jpg,0
Dataset\Testing\No\N6.jpg,0
Dataset\Testing\No\N60.jpg,0
Dataset\Testing\No\N61.jpg,0
Dataset\Testing\No\N62.jpg,0
Dataset\Testing\No\N63.jpg,0
Dataset\Testing\No\N64.jpg,0
Dataset\Testing\No\N65.jpg,0
Dataset\Testing\No\N66.jpg,0
Dataset\Testing\No\N67.jpg,0
Dataset\Testing\No\N68.jpg,0
Dataset\Testing\No\N69.jpg,0
Dataset\Testing\No\N7.jpg,0
Dataset\Testing\No\N70.jpg,0
Dataset\Testing\No\N71.jpg,0
Dataset\Testing\No\N72.jpg,0
Dataset\Testing\No\N73.jpg,0
Dataset\Testing\No\N74.jpg,0
Dataset\Testing\No\N75.jpg,0
Dataset\Testing\No\N76.jpg,0
Dataset\Testing\No\N77.jpg,0
Dataset\Testing\No\N78.jpg,0
Dataset\Testing\No\N79.jpg,0
Dataset\Testing\No\N8.jpg,0
Dataset\Testing\No\N80.jpg,0
Dataset\Testing\No\N81.jpg,0
Dataset\Testing\No\N82.jpg,0
Dataset\Testing\No\N83.jpg,0
Dataset\Testing\No\N84.jpg,0
Dataset\Testing\No\N85.jpg,0
Dataset\Testing\No\N86.jpg,0
Dataset\Testing\No\N87.jpg,0
Dataset\Testing\No\N88.jpg,0
Dataset\Testing\No\N89.jpg,0
Dataset\Testing\No\N9.jpg,0
Dataset\Testing\No\N90.jpg,0
Dataset\Testing\No\N91.jpg,0
Dataset\Testing\No\N92.jpg,0
Dataset\Testing\No\N93.jpg,0
Dataset\Testing\No\N94.jpg,0
Dataset\Testing\No\N95.jpg,0
Dataset\Testing\No\N96.jpg,0
Dataset\Testing\No\N97.jpg,0
Dataset\Testing\No\N98.jpg,0
Dataset\Testing\No\N99.jpg,0
Dataset\Training\No\N1.jpg,0
Dataset\Training\No\N10.jpg,0
Dataset\Training\No\N100.jpg,0
Dataset\Training\No\N101.jpg,0
Dataset\Training\No\N102.jpg,0
Dataset\Training\No\N103.jpg,0
Dataset\Training\No\N104.jpg,0
Dataset\Training\No\N105.jpg,0
Dataset\Training\No\N106.jpg,0
Dataset\Training\No\N107.jpg,0
Dataset\Training\No\N108.jpg,0
Dataset\Training\No\N109.jpg,0
Dataset\Training\No\N11.jpg,0
Dataset\Training\No\N110.jpg,0
Dataset\Training\No\N111.jpg,0
Dataset\Training\No\N112.jpg,0
Dataset\Training\No\N113.jpg,0
Dataset\Training\No\N114.jpg,0
Dataset\Training\No\N115.jpg,0
Dataset\Training\No\N116.jpg,0
Dataset\Training\No\N117.jpg,0
Dataset\Training\No\N118.jpg,0
Dataset\Training\No\N119.jpg,0
Dataset\Training\No\N12.jpg,0
Dataset\Training\No\N120.jpg,0
Dataset\Training\No\N121.jpg,0
Dataset\Training\No\N122.jpg,0
Dataset\Training\No\N123.jpg,0
Dataset\Training\No\N124.jpg,0
Dataset\Training\No\N125.jpg,0
Dataset\Training\No\N126.jpg,0
Dataset\Training\No\N127.jpg,0
Dataset\Training\No\N128.jpg,0
Dataset\Training\No\N129.jpg,0
Dataset\Training\No\N13.jpg,0
Dataset\Training\No\N130.jpg,0
Dataset\Training\No\N131.jpg,0
Dataset\Training\No\N132.jpg,0
Dataset\Training\No\N133.jpg,0
Dataset\Training\No\N134.jpg,0
Dataset\Training\No\N135.jpg,0
Dataset\Training\No\N136.jpg,0
Dataset\Training\No\N137.jpg,0
Dataset\Training\No\N138.jpg,0
Dataset\Training\No\N139.jpg,0
Dataset\Training\No\N14.jpg,0
Dataset\Training\No\N140.jpg,0
Dataset\Training\No\N141.jpg,0
Dataset\Training\No\N142.jpg,0
Dataset\Training\No\N143.jpg,0
Dataset\Training\No\N144.jpg,0
Dataset\Training\No\N145.jpg,0
Dataset\Training\No\N146.jpg,0
Dataset\Training\No\N147.jpg,0
Dataset\Training\No\N148.jpg,0
Dataset\Training\No\N149.jpg,0
Dataset\Training\No\N15.jpg,0
Dataset\Training\No\N150.jpg,0
Dataset\Training\No\N151.jpg,0
Dataset\Training\No\N152.jpg,0
Dataset\Training\No\N153.jpg,0
Dataset\Training\No\N154.jpg,0
Dataset\Training\No\N155.jpg,0
Dataset\Training\No\N156.jpg,0
Dataset\Training\No\N157.jpg,0
Dataset\Training\No\N158.jpg,0
Dataset\Training\No\N159.jpg,0
Dataset\Training\No\N16.jpg,0
Dataset\Training\No\N160.jpg,0
Dataset\Training\No\N161.jpg,0
Dataset\Training\No\N162.jpg,0
Dataset\Training\No\N163.jpg,0
Dataset\Training\No\N164.jpg,0
Dataset\Training\No\N165.jpg,0
Dataset\Training\No\N166.jpg,0
Dataset\Training\No\N167.jpg,0
Dataset\Training\No\N168.jpg,0
Dataset\Training\No\N169.jpg,0
Dataset\Training\No\N17.jpg,0
Dataset\Training\No\N170.jpg,0
Dataset\Training\No\N171.jpg,0
Dataset\Training\No\N172.jpg,0
Dataset\Training\No\N173.jpg,0
Dataset\Training\No\N174.jpg,0
Dataset\Training\No\N175.jpg,0
Dataset\Training\No\N176.jpg,0
Dataset\Training\No\N177.jpg,0
Dataset\Training\No\N178.jpg,0
Dataset\Training\No\N179.jpg,0
Dataset\Training\No\N18.jpg,0
Dataset\Training\No\N180.jpg,0
Dataset\Training\No\N181.jpg,0
Dataset\Training\No\N182.jpg,0
Dataset\Training\No\N183.jpg,0
Dataset\Training\No\N184.jpg,0
Dataset\Training\No\N185.jpg,0
Dataset\Training\No\N186.jpg,0
Dataset\Training\No\N187.jpg,0
Dataset\Training\No\N188.jpg,0
Dataset\Training\No\N189.jpg,0
Dataset\Training\No\N19.jpg,0
Dataset\Training\No\N190.jpg,0
Dataset\Training\No\N191.jpg,0
Dataset\Training\No\N192.jpg,0
Dataset\Training\No\N193.jpg,0
Dataset\Training\No\N194.jpg,0
Dataset\Training\No\N195.jpg,0
Dataset\Training\No\N196.jpg,0
Dataset\Training\No\N197.jpg,0
Dataset\Training\No\N198.jpg,0
Dataset\Training\No\N199.jpg,0
Dataset\Training\No\N2.jpg,0
Dataset\Training\No\N20.jpg,0
Dataset\Training\No\N200.jpg,0
Dataset\Training\No\N201.jpg,0
Dataset\Training\No\N202.jpg,0
Dataset\Training\No\N203.jpg,0
Dataset\Training\No\N204.jpg,0
Dataset\Training\No\N205.jpg,0
Dataset\Training\No\N206.jpg,0
Dataset\Training\No\N207.jpg,0
Dataset\Training\No\N208.jpg,0
Dataset\Training\No\N209.jpg,0
Dataset\Training\No\N21.jpg,0
Dataset\Training\No\N210.jpg,0
Dataset\Training\No\N211.jpg,0
Dataset\Training\No\N212.jpg,0
Dataset\Training\No\N213.jpg,0
Dataset\Training\No\N214.jpg,0
Dataset\Training\No\N215.jpg,0
Dataset\Training\No\N216.jpg,0
Dataset\Training\No\N217.jpg,0
Dataset\Training\No\N218.jpg,0
Dataset\Training\No\N219.jpg,0
Dataset\Training\No\N22.jpg,0
Dataset\Training\No\N220.jpg,0
Dataset\Training\No\N221.jpg,0
Dataset\Training\No\N222.jpg,0
Dataset\Training\No\N223.jpg,0
Dataset\Training\No\N224.jpg,0
Dataset\Training\No\N225.jpg,0
Dataset\Training\No\N226.jpg,0
Dataset\Training\No\N227.jpg,0
Dataset\Training\No\N228.jpg,0
Dataset\Training\No\N229.jpg,0
Dataset\Training\No\N23.jpg,0
Dataset\Training\No\N230.jpg,0
Dataset\Training\No\N231.jpg,0
Dataset\Training\No\N232.jpg,0
Dataset\Training\No\N233.jpg,0
Dataset\Training\No\N234.jpg,0
Dataset\Training\No\N235.jpg,0
Dataset\Training\No\N236.jpg,0
Dataset\Training\No\N237.jpg,0
Dataset\Training\No\N238.jpg,0
Dataset\Training\No\N239.jpg,0
Dataset\Training\No\N24.jpg,0
Dataset\Training\No\N240.jpg,0
Dataset\Training\No\N241.jpg,0
Dataset\Training\No\N242.jpg,0
Dataset\Training\No\N243.jpg,0
Dataset\Training\No\N244.jpg,0
Dataset\Training\No\N245.jpg,0
Dataset\Training\No\N246.jpg,0
Dataset\Training\No\N247.jpg,0
Dataset\Training\No\N248.jpg,0
Dataset\Training\No\N249.jpg,0
Dataset\Training\No\N25.jpg,0
Dataset\Training\No\N250.jpg,0
Dataset\Training\No\N251.jpg,0
Dataset\Training\No\N252.jpg,0
Dataset\Training\No\N253.jpg,0
Dataset\Training\No\N254.jpg,0
Dataset\Training\No\N255.jpg,0
Dataset\Training\No\N256.jpg,0
Dataset\Training\No\N257.jpg,0
Dataset\Training\No\N258.jpg,0
Dataset\Training\No\N259.jpg,0
Dataset\Training\No\N26.jpg,0
Dataset\Training\No\N260.jpg,0
Dataset\Training\No\N261.jpg,0
Dataset\Training\No\N262.jpg,0
Dataset\Training\No\N263.jpg,0
Dataset\Training\No\N264.jpg,0
Dataset\Training\No\N265.jpg,0
Dataset\Training\No\N266.jpg,0
Dataset\Training\No\N267.jpg,0
Dataset\Training\No\N268.jpg,0
Dataset\Training\No\N269.jpg,0
Dataset\Training\No\N27.jpg,0
Dataset\Training\No\N270.jpg,0
Dataset\Training\No\N271.jpg,0
Dataset\Training\No\N272.jpg,0
Dataset\Training\No\N273.jpg,0
Dataset\Training\No\N274.jpg,0
Dataset\Training\No\N275.jpg,0
Dataset\Training\No\N276.jpg,0
Dataset\Training\No\N277.jpg,0
Dataset\Training\No\N278.jpg,0
Dataset\Training\No\N279.jpg,0
Dataset\Training\No\N28.jpg,0
Dataset\Training\No\N280.jpg,0
Dataset\Training\No\N281.jpg,0
Dataset\Training\No\N282.jpg,0
Dataset\Training\No\N283.jpg,0
Dataset\Training\No\N284.jpg,0
Dataset\Training\No\N285.jpg,0
Dataset\Training\No\N286.jpg,0
Dataset\Training\No\N287.jpg,0
Dataset\Training\No\N288.jpg,0
Dataset\Training\No\N289.jpg,0
Dataset\Training\No\N29.jpg,0
Dataset\Training\No\N290.jpg,0
Dataset\Training\No\N291.jpg,0
Dataset\Training\No\N292.jpg,0
Dataset\Training\No\N293.jpg,0
Dataset\Training\No\N294.jpg,0
Dataset\Training\No\N295.jpg,0
Dataset\Training\No\N296.jpg,0
Dataset\Training\No\N297.jpg,0
Dataset\Training\No\N298.jpg,0
Dataset\Training\No\N299.jpg,0
Dataset\Training\No\N3.jpg,0
Dataset\Training\No\N30.jpg,0
Dataset\Training\No\N300.jpg,0
Dataset\Training\No\N301.jpg,0
Dataset\Training\No\N302.jpg,0
Dataset\Training\No\N303.jpg,0
Dataset\Training\No\N304.jpg,0
Dataset\Training\No\N305.jpg,0
Dataset\Training\No\N306.jpg,0
Dataset\Training\No\N307.jpg,0
Dataset\Training\No\N308.jpg,0
Dataset\Training\No\N309.jpg,0
Dataset\Training\No\N31.jpg,0
Dataset\Training\No\N310.jpg,0
Dataset\Training\No\N311.jpg,0
Dataset\Training\No\N312.jpg,0
Dataset\Training\No\N313.jpg,0
Dataset\Training\No\N314.jpg,0
Dataset\Training\No\N315.jpg,0
Dataset\Training\No\N316.jpg,0
Dataset\Training\No\N317.jpg,0
Dataset\Training\No\N318.jpg,0
Dataset\Training\No\N319.jpg,0
Dataset\Training\No\N32.jpg,0
Dataset\Training\No\N320.jpg,0
Dataset\Training\No\N321.jpg,0
Dataset\Training\No\N322.jpg,0
Dataset\Training\No\N323.jpg,0
Dataset\Training\No\N324.jpg,0
Dataset\Training\No\N325.jpg,0
Dataset\Training\No\N326.jpg,0
Dataset\Training\No\N327.jpg,0
Dataset\Training\No\N328.jpg,0
Dataset\Training\No\N329.jpg,0
Dataset\Training\No\N33.jpg,0
Dataset\Training\No\N330.jpg,0
Dataset\Training\No\N331.jpg,0
Dataset\Training\No\N332.jpg,0
Dataset\Training\No\N333.jpg,0
Dataset\Training\No\N334.jpg,0
Dataset\Training\No\N335.jpg,0
Dataset\Training\No\N336.jpg,0
Dataset\Training\No\N337.jpg,0
Dataset\Training\No\N338.jpg,0
Dataset\Training\No\N339.jpg,0
Dataset\Training\No\N34.jpg,0
Dataset\Training\No\N340.jpg,0
Dataset\Training\No\N341.jpg,0
Dataset\Training\No\N342.jpg,0
Dataset\Training\No\N343.jpg,0
Dataset\Training\No\N344.jpg,0
Dataset\Training\No\N345.jpg,0
Dataset\Training\No\N346.jpg,0
Dataset\Training\No\N347.jpg,0
Dataset\Training\No\N348.jpg,0
Dataset\Training\No\N349.jpg,0
Dataset\Training\No\N35.jpg,0
Dataset\Training\No\N350.jpg,0
Dataset\Training\No\N351.jpg,0
Dataset\Training\No\N352.jpg,0
Dataset\Training\No\N353.jpg,0
Dataset\Training\No\N354.jpg,0
Dataset\Training\No\N355.jpg,0
Dataset\Training\No\N356.jpg,0
Dataset\Training\No\N357.jpg,0
Dataset\Training\No\N358.jpg,0
Dataset\Training\No\N359.jpg,0
Dataset\Training\No\N36.jpg,0
Dataset\Training\No\N360.jpg,0
Dataset\Training\No\N361.jpg,0
Dataset\Training\No\N362.jpg,0
Dataset\Training\No\N363.jpg,0
Dataset\Training\No\N364.jpg,0
Dataset\Training\No\N365.jpg,0
Dataset\Training\No\N366.jpg,0
Dataset\Training\No\N367.jpg,0
Dataset\Training\No\N368.jpg,0
Dataset\Training\No\N369.jpg,0
Dataset\Training\No\N37.jpg,0
Dataset\Training\No\N370.jpg,0
Dataset\Training\No\N371.jpg,0
Dataset\Training\No\N372.jpg,0
Dataset\Training\No\N373.jpg,0
Dataset\Training\No\N374.jpg,0
Dataset\Training\No\N375.jpg,0
Dataset\Training\No\N376.jpg,0
Dataset\Training\No\N377.jpg,0
Dataset\Training\No\N378.jpg,0
Dataset\Training\No\N379.jpg,0
Dataset\Training\No\N38.jpg,0
Dataset\Training\No\N380.jpg,0
Dataset\Training\No\N381.jpg,0
Dataset\Training\No\N382.jpg,0
Dataset\Training\No\N383.jpg,0
Dataset\Training\No\N384.jpg,0
Dataset\Training\No\N385.jpg,0
Dataset\Training\No\N386.jpg,0
Dataset\Training\No\N387.jpg,0
Dataset\Training\No\N388.jpg,0
Dataset\Training\No\N389.jpg,0
Dataset\Training\No\N39.jpg,0
Dataset\Training\No\N390.jpg,0
Dataset\Training\No\N391.jpg,0
Dataset\Training\No\N392.jpg,0
Dataset\Training\No\N393.jpg,0
Dataset\Training\No\N394.jpg,0
Dataset\Training\No\N395.jpg,0
Dataset\Training\No\N4.jpg,0
Dataset\Training\No\N40.jpg,0
Dataset\Training\No\N41.jpg,0
Dataset\Training\No\N42.jpg,0
Dataset\Training\No\N43.jpg,0
Dataset\Training\No\N44.jpg,0
Dataset\Training\No\N45.jpg,0
Dataset\Training\No\N46.jpg,0
Dataset\Training\No\N47.jpg,0
Dataset\Training\No\N48.jpg,0
Dataset\Training\No\N49.jpg,0
Dataset\Training\No\N5.jpg,0
Dataset\Training\No\N50.jpg,0
Dataset\Training\No\N51.jpg,0
Dataset\Training\No\N52.jpg,0
Dataset\Training\No\N53.jpg,0
Dataset\Training\No\N54.jpg,0
Dataset\Training\No\N55.jpg,0
Dataset\Training\No\N56.jpg,0
Dataset\Training\No\N57.jpg,0
Dataset\Training\No\N58.jpg,0
Dataset\Training\No\N59.jpg,0
Dataset\Training\No\N6.jpg,0
Dataset\Training\No\N60.jpg,0
Dataset\Training\No\N61.jpg,0
Dataset\Training\No\N62.jpg,0
Dataset\Training\No\N63.jpg,0
Dataset\Training\No\N64.jpg,0
Dataset\Training\No\N65.jpg,0
Dataset\Training\No\N66.jpg,0
Dataset\Training\No\N67.jpg,0
Dataset\Training\No\N68.jpg,0
Dataset\Training\No\N69.jpg,0
Dataset\Training\No\N7.jpg,0
Dataset\Training\No\N70.jpg,0
Dataset\Training\No\N71.jpg,0
Dataset\Training\No\N72.jpg,0
Dataset\Training\No\N73.jpg,0
Dataset\Training\No\N74.jpg,0
Dataset\Training\No\N75.jpg,0
Dataset\Training\No\N76.jpg,0
Dataset\Training\No\N77.jpg,0
Dataset\Training\No\N78.jpg,0
Dataset\Training\No\N79.jpg,0
Dataset\Training\No\N8.jpg,0
Dataset\Training\No\N80.jpg,0
Dataset\Training\No\N81.jpg,0
Dataset\Training\No\N82.jpg,0
Dataset\Training\No\N83.jpg,0
Dataset\Training\No\N84.jpg,0
Dataset\Training\No\N85.jpg,0
Dataset\Training\No\N86.jpg,0
Dataset\Training\No\N87.jpg,0
Dataset\Training\No\N88.jpg,0
Dataset\Training\No\N89.jpg,0
Dataset\Training\No\N9.jpg,0
Dataset\Training\No\N90.jpg,0
Dataset\Training\No\N91.jpg,0
Dataset\Training\No\N92.jpg,0
Dataset\Training\No\N93.jpg,0
Dataset\Training\No\N94.jpg,0
Dataset\Training\No\N95.jpg,0
Dataset\Training\No\N96.jpg,0
Dataset\Training\No\N97.jpg,0
Dataset\Training\No\N98.jpg,0
Dataset\Training\No\N99.jpg,0
Dataset\Testing\Benign\Y1.jpg,1
Dataset\Testing\Benign\Y10.jpg,1
Dataset\Testing\Benign\Y100.jpg,1
Dataset\Testing\Benign\Y101.jpg,1
Dataset\Testing\Benign\Y102.jpg,1
Dataset\Testing\Benign\Y103.jpg,1
Dataset\Testing\Benign\Y104.jpg,1
Dataset\Testing\Benign\Y105.jpg,1
Dataset\Testing\Benign\Y106.jpg,1
Dataset\Testing\Benign\Y107.jpg,1
Dataset\Testing\Benign\Y108.jpg,1
Dataset\Testing\Benign\Y109.jpg,1
Dataset\Testing\Benign\Y11.jpg,1
Dataset\Testing\Benign\Y110.jpg,1
Dataset\Testing\Benign\Y111.jpg,1
Dataset\Testing\Benign\Y112.jpg,1
Dataset\Testing\Benign\Y113.jpg,1
Dataset\Testing\Benign\Y114.jpg,1
Dataset\Testing\Benign\Y115.jpg,1
Dataset\Testing\Benign\Y12.jpg,1
Dataset\Testing\Benign\Y13.jpg,1
Dataset\Testing\Benign\Y14.jpg,1
Dataset\Testing\Benign\Y15.jpg,1
Dataset\Testing\Benign\Y16.jpg,1
Dataset\Testing\Benign\Y17.jpg,1
Dataset\Testing\Benign\Y18.jpg,1
Dataset\Testing\Benign\Y19.jpg,1
Dataset\Testing\Benign\Y2.jpg,1
Dataset\Testing\Benign\Y20.jpg,1
Dataset\Testing\Benign\Y21.jpg,1
Dataset\Testing\Benign\Y22.jpg,1
Dataset\Testing\Benign\Y23.jpg,1
Dataset\Testing\Benign\Y24.jpg,1
Dataset\Testing\Benign\Y25.jpg,1
Dataset\Testing\Benign\Y26.jpg,1
Dataset\Testing\Benign\Y27.jpg,1
Dataset\Testing\Benign\Y28.jpg,1
Dataset\Testing\Benign\Y29.jpg,1
Dataset\Testing\Benign\Y3.jpg,1
Dataset\Testing\Benign\Y30.jpg,1
Dataset\Testing\Benign\Y31.jpg,1
Dataset\Testing\Benign\Y32.jpg,1
Dataset\Testing\Benign\Y33.jpg,1
Dataset\Testing\Benign\Y34.jpg,1
Dataset\Testing\Benign\Y35.jpg,1
Dataset\Testing\Benign\Y36.jpg,1
Dataset\Testing\Benign\Y37.jpg,1
Dataset\Testing\Benign\Y38.jpg,1
Dataset\Testing\Benign\Y39.jpg,1
Dataset\Testing\Benign\Y4.jpg,1
Dataset\Testing\Benign\Y40.jpg,1
Dataset\Testing\Benign\Y41.jpg,1
Dataset\Testing\Benign\Y42.jpg,1
Dataset\Testing\Benign\Y43.jpg,1
Dataset\Testing\Benign\Y44.jpg,1
Dataset\Testing\Benign\Y45.jpg,1
Dataset\Testing\Benign\Y46.jpg,1
Dataset\Testing\Benign\Y47.jpg,1
Dataset\Testing\Benign\Y48.jpg,1
Dataset\Testing\Benign\Y49.jpg,1
Dataset\Testing\Benign\Y5.jpg,1
Dataset\Testing\Benign\Y50.jpg,1
Dataset\Testing\Benign\Y51.jpg,1
Dataset\Testing\Benign\Y52.jpg,1
Dataset\Testing\Benign\Y53.jpg,1
Dataset\Testing\Benign\Y54.jpg,1
Dataset\Testing\Benign\Y55.jpg,1
Dataset\Testing\Benign\Y56.jpg,1
Dataset\Testing\Benign\Y57.jpg,1
Dataset\Testing\Benign\Y58.jpg,1
Dataset\Testing\Benign\Y59.jpg,1
Dataset\Testing\Benign\Y6.jpg,1
Dataset\Testing\Benign\Y60.jpg,1
Dataset\Testing\Benign\Y61.jpg,1
Dataset\Testing\Benign\Y62.jpg,1
Dataset\Testing\Benign\Y63.jpg,1
Dataset\Testing\Benign\Y64.jpg,1
Dataset\Testing\Benign\Y65.jpg,1
Dataset\Testing\Benign\Y66.jpg,1
Dataset\Testing\Benign\Y67.jpg,1
Dataset\Testing\Benign\Y68.jpg,1
Dataset\Testing\Benign\Y69.jpg,1
Dataset\Testing\Benign\Y7.jpg,1
Dataset\Testing\Benign\Y70.jpg,1
Dataset\Testing\Benign\Y71.jpg,1
Dataset\Testing\Benign\Y72.jpg,1
Dataset\Testing\Benign\Y73.jpg,1
Dataset\Testing\Benign\Y74.jpg,1
Dataset\Testing\Benign\Y75.jpg,1
Dataset\Testing\Benign\Y76.jpg,1
Dataset\Testing\Benign\Y77.jpg,1
Dataset\Testing\Benign\Y78.jpg,1
Dataset\Testing\Benign\Y79.jpg,1
Dataset\Testing\Benign\Y8.jpg,1
Dataset\Testing\Benign\Y80.jpg,1
Dataset\Testing\Benign\Y81.jpg,1
Dataset\Testing\Benign\Y82.jpg,1
Dataset\Testing\Benign\Y83.jpg,1
Dataset\Testing\Benign\Y84.jpg,1
Dataset\Testing\Benign\Y85.jpg,1
Dataset\Testing\Benign\Y86.jpg,1
Dataset\Testing\Benign\Y87.jpg,1
Dataset\Testing\Benign\Y88.jpg,1
Dataset\Testing\Benign\Y89.jpg,1
Dataset\Testing\Benign\Y9.jpg,1
Dataset\Testing\Benign\Y90.jpg,1
Dataset\Testing\Benign\Y91.jpg,1
Dataset\Testing\Benign\Y92.jpg,1
Dataset\Testing\Benign\Y93.jpg,1
Dataset\Testing\Benign\Y94.jpg,1
Dataset\Testing\Benign\Y95.jpg,1
Dataset\Testing\Benign\Y96.jpg,1
Dataset\Testing\Benign\Y97.jpg,1
Dataset\Testing\Benign\Y98.jpg,1
Dataset\Testing\Benign\Y99.jpg,1
Dataset\Training\Benign\Y1.jpg,1
Dataset\Training\Benign\Y10.jpg,1
Dataset\Training\Benign\Y100.jpg,1
Dataset\Training\Benign\Y101.jpg,1
Dataset\Training\Benign\Y102.jpg,1
Dataset\Training\Benign\Y103.jpg,1
Dataset\Training\Benign\Y104.jpg,1
Dataset\Training\Benign\Y105.jpg,1
Dataset\Training\Benign\Y106.jpg,1
Dataset\Training\Benign\Y107.jpg,1
Dataset\Training\Benign\Y108.jpg,1
Dataset\Training\Benign\Y109.jpg,1
Dataset\Training\Benign\Y11.jpg,1
Dataset\Training\Benign\Y110.jpg,1
Dataset\Training\Benign\Y111.jpg,1
Dataset\Training\Benign\Y112.jpg,1
Dataset\Training\Benign\Y113.jpg,1
Dataset\Training\Benign\Y114.jpg,1
Dataset\Training\Benign\Y115.jpg,1
Dataset\Training\Benign\Y116.jpg,1
Dataset\Training\Benign\Y117.jpg,1
Dataset\Training\Benign\Y118.jpg,1
Dataset\Training\Benign\Y119.jpg,1
Dataset\Training\Benign\Y12.jpg,1
Dataset\Training\Benign\Y120.jpg,1
Dataset\Training\Benign\Y121.jpg,1
Dataset\Training\Benign\Y122.jpg,1
Dataset\Training\Benign\Y123.jpg,1
Dataset\Training\Benign\Y124.jpg,1
Dataset\Training\Benign\Y125.jpg,1
Dataset\Training\Benign\Y126.jpg,1
Dataset\Training\Benign\Y127.jpg,1
Dataset\Training\Benign\Y128.jpg,1
Dataset\Training\Benign\Y129.jpg,1
Dataset\Training\Benign\Y13.jpg,1
Dataset\Training\Benign\Y130.jpg,1
Dataset\Training\Benign\Y131.jpg,1
Dataset\Training\Benign\Y132.jpg,1
Dataset\Training\Benign\Y133.jpg,1
Dataset\Training\Benign\Y134.jpg,1
Dataset\Training\Benign\Y135.jpg,1
Dataset\Training\Benign\Y136.jpg,1
Dataset\Training\Benign\Y137.jpg,1
Dataset\Training\Benign\Y138.jpg,1
Dataset\Training\Benign\Y139.jpg,1
Dataset\Training\Benign\Y14.jpg,1
Dataset\Training\Benign\Y140.jpg,1
Dataset\Training\Benign\Y141.jpg,1
Dataset\Training\Benign\Y142.jpg,1
Dataset\Training\Benign\Y143.jpg,1
Dataset\Training\Benign\Y144.jpg,1
Dataset\Training\Benign\Y145.jpg,1
Dataset\Training\Benign\Y146.jpg,1
Dataset\Training\Benign\Y147.jpg,1
Dataset\Training\Benign\Y148.jpg,1
Dataset\Training\Benign\Y149.jpg,1
Dataset\Training\Benign\Y15.jpg,1
Dataset\Training\Benign\Y150.jpg,1
Dataset\Training\Benign\Y151.jpg,1
Dataset\Training\Benign\Y152.jpg,1
Dataset\Training\Benign\Y153.jpg,1
Dataset\Training\Benign\Y154.jpg,1
Dataset\Training\Benign\Y155.jpg,1
Dataset\Training\Benign\Y156.jpg,1
Dataset\Training\Benign\Y157.jpg,1
Dataset\Training\Benign\Y158.jpg,1
Dataset\Training\Benign\Y159.jpg,1
Dataset\Training\Benign\Y16.jpg,1
Dataset\Training\Benign\Y160.jpg,1
Dataset\Training\Benign\Y161.jpg,1
Dataset\Training\Benign\Y162.jpg,1
Dataset\Training\Benign\Y163.jpg,1
Dataset\Training\Benign\Y164.jpg,1
Dataset\Training\Benign\Y165.jpg,1
Dataset\Training\Benign\Y166.jpg,1
Dataset\Training\Benign\Y167.jpg,1
Dataset\Training\Benign\Y168.jpg,1
Dataset\Training\Benign\Y169.jpg,1
Dataset\Training\Benign\Y17.jpg,1
Dataset\Training\Benign\Y170.jpg,1
Dataset\Training\Benign\Y171.jpg,1
Dataset\Training\Benign\Y172.jpg,1
Dataset\Training\Benign\Y173.jpg,1
Dataset\Training\Benign\Y174.jpg,1
Dataset\Training\Benign\Y175.jpg,1
Dataset\Training\Benign\Y176.jpg,1
Dataset\Training\Benign\Y177.jpg,1
Dataset\Training\Benign\Y178.jpg,1
Dataset\Training\Benign\Y179.jpg,1
Dataset\Training\Benign\Y18.jpg,1
Dataset\Training\Benign\Y180.jpg,1
Dataset\Training\Benign\Y181.jpg,1
Dataset\Training\Benign\Y182.jpg,1
Dataset\Training\Benign\Y183.jpg,1
Dataset\Training\Benign\Y184.jpg,1
Dataset\Training\Benign\Y185.jpg,1
Dataset\Training\Benign\Y186.jpg,1
Dataset\Training\Benign\Y187.jpg,1
Dataset\Training\Benign\Y188.jpg,1
Dataset\Training\Benign\Y189.jpg,1
Dataset\Training\Benign\Y19.jpg,1
Dataset\Training\Benign\Y190.jpg,1
Dataset\Training\Benign\Y191.jpg,1
Dataset\Training\Benign\Y192.jpg,1
Dataset\Training\Benign\Y193.jpg,1
Dataset\Training\Benign\Y194.jpg,1
Dataset\Training\Benign\Y195.jpg,1
Dataset\Training\Benign\Y196.jpg,1
Dataset\Training\Benign\Y197.jpg,1
Dataset\Training\Benign\Y198.jpg,1
Dataset\Training\Benign\Y199.jpg,1
Dataset\Training\Benign\Y2.jpg,1
Dataset\Training\Benign\Y20.jpg,1
Dataset\Training\Benign\Y200.jpg,1
Dataset\Training\Benign\Y201.jpg,1
Dataset\Training\Benign\Y202.jpg,1
Dataset\Training\Benign\Y203.jpg,1
Dataset\Training\Benign\Y204.jpg,1
Dataset\Training\Benign\Y205.jpg,1
Dataset\Training\Benign\Y206.jpg,1
Dataset\Training\Benign\Y207.jpg,1
Dataset\Training\Benign\Y208.jpg,1
Dataset\Training\Benign\Y209.jpg,1
Dataset\Training\Benign\Y21.jpg,1
Dataset\Training\Benign\Y210.jpg,1
Dataset\Training\Benign\Y211.jpg,1
Dataset\Training\Benign\Y212.jpg,1
Dataset\Training\Benign\Y213.jpg,1
Dataset\Training\Benign\Y214.jpg,1
Dataset\Training\Benign\Y215.jpg,1
Dataset\Training\Benign\Y216.jpg,1
Dataset\Training\Benign\Y217.jpg,1
Dataset\Training\Benign\Y218.jpg,1
Dataset\Training\Benign\Y219.jpg,1
Dataset\Training\Benign\Y22.jpg,1
Dataset\Training\Benign\Y220.jpg,1
Dataset\Training\Benign\Y221.jpg,1
Dataset\Training\Benign\Y222.jpg,1
Dataset\Training\Benign\Y223.jpg,1
Dataset\Training\Benign\Y224.jpg,1
Dataset\Training\Benign\Y225.jpg,1
Dataset\Training\Benign\Y226.jpg,1
Dataset\Training\Benign\Y227.jpg,1
Dataset\Training\Benign\Y228.jpg,1
Dataset\Training\Benign\Y229.jpg,1
Dataset\Training\Benign\Y23.jpg,1
Dataset\Training\Benign\Y230.jpg,1
Dataset\Training\Benign\Y231.jpg,1
Dataset\Training\Benign\Y232.jpg,1
Dataset\Training\Benign\Y233.jpg,1
Dataset\Training\Benign\Y234.jpg,1
Dataset\Training\Benign\Y235.jpg,1
Dataset\Training\Benign\Y236.jpg,1
Dataset\Training\Benign\Y237.jpg,1
Dataset\Training\Benign\Y238.jpg,1
Dataset\Training\Benign\Y239.jpg,1
Dataset\Training\Benign\Y24.jpg,1
Dataset\Training\Benign\Y240.jpg,1
Dataset\Training\Benign\Y241.jpg,1
Dataset\Training\Benign\Y242.jpg,1
Dataset\Training\Benign\Y243.jpg,1
Dataset\Training\Benign\Y244.jpg,1
Dataset\Training\Benign\Y245.jpg,1
Dataset\Training\Benign\Y246.jpg,1
Dataset\Training\Benign\Y247.jpg,1
Dataset\Training\Benign\Y248.jpg,1
Dataset\Training\Benign\Y249.jpg,1
Dataset\Training\Benign\Y25.jpg,1
Dataset\Training\Benign\Y250.jpg,1
Dataset\Training\Benign\Y251.jpg,1
Dataset\Training\Benign\Y252.jpg,1
Dataset\Training\Benign\Y253.jpg,1
Dataset\Training\Benign\Y254.jpg,1
Dataset\Training\Benign\Y255.jpg,1
Dataset\Training\Benign\Y256.jpg,1
Dataset\Training\Benign\Y257.jpg,1
Dataset\Training\Benign\Y258.jpg,1
Dataset\Training\Benign\Y259.jpg,1
Dataset\Training\Benign\Y26.jpg,1
Dataset\Training\Benign\Y260.jpg,1
Dataset\Training\Benign\Y261.jpg,1
Dataset\Training\Benign\Y262.jpg,1
Dataset\Training\Benign\Y263.jpg,1
Dataset\Training\Benign\Y264.jpg,1
Dataset\Training\Benign\Y265.jpg,1
Dataset\Training\Benign\Y266.jpg,1
Dataset\Training\Benign\Y267.jpg,1
Dataset\Training\Benign\Y268.jpg,1
Dataset\Training\Benign\Y269.jpg,1
Dataset\Training\Benign\Y27.jpg,1
Dataset\Training\Benign\Y270.jpg,1
Dataset\Training\Benign\Y271.jpg,1
Dataset\Training\Benign\Y272.jpg,1
Dataset\Training\Benign\Y273.jpg,1
Dataset\Training\Benign\Y274.jpg,1
Dataset\Training\Benign\Y275.jpg,1
Dataset\Training\Benign\Y276.jpg,1
Dataset\Training\Benign\Y277.jpg,1
Dataset\Training\Benign\Y278.jpg,1
Dataset\Training\Benign\Y279.jpg,1
Dataset\Training\Benign\Y28.jpg,1
Dataset\Training\Benign\Y280.jpg,1
Dataset\Training\Benign\Y281.jpg,1
Dataset\Training\Benign\Y282.jpg,1
Dataset\Training\Benign\Y283.jpg,1
Dataset\Training\Benign\Y284.jpg,1
Dataset\Training\Benign\Y285.jpg,1
Dataset\Training\Benign\Y286.jpg,1
Dataset\Training\Benign\Y287.jpg,1
Dataset\Training\Benign\Y288.jpg,1
Dataset\Training\Benign\Y289.jpg,1
Dataset\Training\Benign\Y29.jpg,1
Dataset\Training\Benign\Y290.jpg,1
Dataset\Training\Benign\Y291.jpg,1
Dataset\Training\Benign\Y292.jpg,1
Dataset\Training\Benign\Y293.jpg,1
Dataset\Training\Benign\Y294.jpg,1
Dataset\Training\Benign\Y295.jpg,1
Dataset\Training\Benign\Y296.jpg,1
Dataset\Training\Benign\Y297.jpg,1
Dataset\Training\Benign\Y298.jpg,1
Dataset\Training\Benign\Y299.jpg,1
Dataset\Training\Benign\Y3.jpg,1
Dataset\Training\Benign\Y30.jpg,1
Dataset\Training\Benign\Y300.jpg,1
Dataset\Training\Benign\Y301.jpg,1
Dataset\Training\Benign\Y302.jpg,1
Dataset\Training\Benign\Y303.jpg,1
Dataset\Training\Benign\Y304.jpg,1
Dataset\Training\Benign\Y305.jpg,1
Dataset\Training\Benign\Y306.jpg,1
Dataset\Training\Benign\Y307.jpg,1
Dataset\Training\Benign\Y308.jpg,1
Dataset\Training\Benign\Y309.jpg,1
Dataset\Training\Benign\Y31.jpg,1
Dataset\Training\Benign\Y310.jpg,1
Dataset\Training\Benign\Y311.jpg,1
Dataset\Training\Benign\Y312.jpg,1
Dataset\Training\Benign\Y313.jpg,1
Dataset\Training\Benign\Y314.jpg,1
Dataset\Training\Benign\Y315.jpg,1
Dataset\Training\Benign\Y316.jpg,1
Dataset\Training\Benign\Y317.jpg,1
Dataset\Training\Benign\Y318.jpg,1
Dataset\Training\Benign\Y319.jpg,1
Dataset\Training\Benign\Y32.jpg,1
Dataset\Training\Benign\Y320.jpg,1
Dataset\Training\Benign\Y321.jpg,1
Dataset\Training\Benign\Y322.jpg,1
Dataset\Training\Benign\Y323.jpg,1
Dataset\Training\Benign\Y324.jpg,1
Dataset\Training\Benign\Y325.jpg,1
Dataset\Training\Benign\Y326.jpg,1
Dataset\Training\Benign\Y327.jpg,1
Dataset\Training\Benign\Y328.jpg,1
Dataset\Training\Benign\Y329.jpg,1
Dataset\Training\Benign\Y33.jpg,1
Dataset\Training\Benign\Y330.jpg,1
Dataset\Training\Benign\Y331.jpg,1
Dataset\Training\Benign\Y332.jpg,1
Dataset\Training\Benign\Y333.jpg,1
Dataset\Training\Benign\Y334.jpg,1
Dataset\Training\Benign\Y335.jpg,1
Dataset\Training\Benign\Y336.jpg,1
Dataset\Training\Benign\Y337.jpg,1
Dataset\Training\Benign\Y338.jpg,1
Dataset\Training\Benign\Y339.jpg,1
Dataset\Training\Benign\Y34.jpg,1
Dataset\Training\Benign\Y340.jpg,1
Dataset\Training\Benign\Y341.jpg,1
Dataset\Training\Benign\Y342.jpg,1
Dataset\Training\Benign\Y343.jpg,1
Dataset\Training\Benign\Y344.jpg,1
Dataset\Training\Benign\Y345.jpg,1
Dataset\Training\Benign\Y346.jpg,1
Dataset\Training\Benign\Y347.jpg,1
Dataset\Training\Benign\Y348.jpg,1
Dataset\Training\Benign\Y349.jpg,1
Dataset\Training\Benign\Y35.jpg,1
Dataset\Training\Benign\Y350.jpg,1
Dataset\Training\Benign\Y351.jpg,1
Dataset\Training\Benign\Y352.jpg,1
Dataset\Training\Benign\Y353.jpg,1
Dataset\Training\Benign\Y354.jpg,1
Dataset\Training\Benign\Y355.jpg,1
Dataset\Training\Benign\Y356.jpg,1
Dataset\Training\Benign\Y357.jpg,1
Dataset\Training\Benign\Y358.jpg,1
Dataset\Training\Benign\Y359.jpg,1
Dataset\Training\Benign\Y36.jpg,1
Dataset\Training\Benign\Y360.jpg,1
Dataset\Training\Benign\Y361.jpg,1
Dataset\Training\Benign\Y362.jpg,1
Dataset\Training\Benign\Y363.jpg,1
Dataset\Training\Benign\Y364.jpg,1
Dataset\Training\Benign\Y365.jpg,1
Dataset\Training\Benign\Y366.jpg,1
Dataset\Training\Benign\Y367.jpg,1
Dataset\Training\Benign\Y368.jpg,1
Dataset\Training\Benign\Y369.jpg,1
Dataset\Training\Benign\Y37.jpg,1
Dataset\Training\Benign\Y370.jpg,1
Dataset\Training\Benign\Y371.jpg,1
Dataset\Training\Benign\Y372.jpg,1
Dataset\Training\Benign\Y373.jpg,1
Dataset\Training\Benign\Y374.jpg,1
Dataset\Training\Benign\Y375.jpg,1
Dataset\Training\Benign\Y376.jpg,1
Dataset\Training\Benign\Y377.jpg,1
Dataset\Training\Benign\Y378.jpg,1
Dataset\Training\Benign\Y379.jpg,1
Dataset\Training\Benign\Y38.jpg,1
Dataset\Training\Benign\Y380.jpg,1
Dataset\Training\Benign\Y381.jpg,1
Dataset\Training\Benign\Y382.jpg,1
Dataset\Training\Benign\Y383.jpg,1
Dataset\Training\Benign\Y384.jpg,1
Dataset\Training\Benign\Y385.jpg,1
Dataset\Training\Benign\Y386.jpg,1
Dataset\Training\Benign\Y387.jpg,1
Dataset\Training\Benign\Y388.jpg,1
Dataset\Training\Benign\Y389.jpg,1
Dataset\Training\Benign\Y39.jpg,1
Dataset\Training\Benign\Y390.jpg,1
Dataset\Training\Benign\Y391.jpg,1
Dataset\Training\Benign\Y392.jpg,1
Dataset\Training\Benign\Y393.jpg,1
Dataset\Training\Benign\Y394.jpg,1
Dataset\Training\Benign\Y395.jpg,1
Dataset\Training\Benign\Y396.jpg,1
Dataset\Training\Benign\Y397.jpg,1
Dataset\Training\Benign\Y398.jpg,1
Dataset\Training\Benign\Y399.jpg,1
Dataset\Training\Benign\Y4.jpg,1
Dataset\Training\Benign\Y40.jpg,1
Dataset\Training\Benign\Y400.jpg,1
Dataset\Training\Benign\Y401.jpg,1
Dataset\Training\Benign\Y402.jpg,1
Dataset\Training\Benign\Y403.jpg,1
Dataset\Training\Benign\Y404.jpg,1
Dataset\Training\Benign\Y405.jpg,1
Dataset\Training\Benign\Y406.jpg,1
Dataset\Training\Benign\Y407.jpg,1
Dataset\Training\Benign\Y408.jpg,1
Dataset\Training\Benign\Y409.jpg,1
Dataset\Training\Benign\Y41.jpg,1
Dataset\Training\Benign\Y410.jpg,1
Dataset\Training\Benign\Y411.jpg,1
Dataset\Training\Benign\Y412.jpg,1
Dataset\Training\Benign\Y413.jpg,1
Dataset\Training\Benign\Y414.jpg,1
Dataset\Training\Benign\Y415.jpg,1
Dataset\Training\Benign\Y416.jpg,1
Dataset\Training\Benign\Y417.jpg,1
Dataset\Training\Benign\Y418.jpg,1
Dataset\Training\Benign\Y419.jpg,1
Dataset\Training\Benign\Y42.jpg,1
Dataset\Training\Benign\Y420.jpg,1
Dataset\Training\Benign\Y421.jpg,1
Dataset\Training\Benign\Y422.jpg,1
Dataset\Training\Benign\Y423.jpg,1
Dataset\Training\Benign\Y424.jpg,1
Dataset\Training\Benign\Y425.jpg,1
Dataset\Training\Benign\Y426.jpg,1
Dataset\Training\Benign\Y427.jpg,1
Dataset\Training\Benign\Y428.jpg,1
Dataset\Training\Benign\Y429.jpg,1
Dataset\Training\Benign\Y43.jpg,1
Dataset\Training\Benign\Y430.jpg,1
Dataset\Training\Benign\Y431.jpg,1
Dataset\Training\Benign\Y432.jpg,1
Dataset\Training\Benign\Y433.jpg,1
Dataset\Training\Benign\Y434.jpg,1
Dataset\Training\Benign\Y435.jpg,1
Dataset\Training\Benign\Y436.jpg,1
Dataset\Training\Benign\Y437.jpg,1
Dataset\Training\Benign\Y438.jpg,1
Dataset\Training\Benign\Y439.jpg,1
Dataset\Training\Benign\Y44.jpg,1
Dataset\Training\Benign\Y440.jpg,1
Dataset\Training\Benign\Y441.jpg,1
Dataset\Training\Benign\Y442.jpg,1
Dataset\Training\Benign\Y443.jpg,1
Dataset\Training\Benign\Y444.jpg,1
Dataset\Training\Benign\Y445.jpg,1
Dataset\Training\Benign\Y446.jpg,1
Dataset\Training\Benign\Y447.jpg,1
Dataset\Training\Benign\Y448.jpg,1
Dataset\Training\Benign\Y449.jpg,1
Dataset\Training\Benign\Y45.jpg,1
Dataset\Training\Benign\Y450.jpg,1
Dataset\Training\Benign\Y451.jpg,1
Dataset\Training\Benign\Y452.jpg,1
Dataset\Training\Benign\Y453.jpg,1
Dataset\Training\Benign\Y454.jpg,1
Dataset\Training\Benign\Y455.jpg,1
Dataset\Training\Benign\Y456.jpg,1
Dataset\Training\Benign\Y457.jpg,1
Dataset\Training\Benign\Y458.jpg,1
Dataset\Training\Benign\Y459.jpg,1
Dataset\Training\Benign\Y46.jpg,1
Dataset\Training\Benign\Y460.jpg,1
Dataset\Training\Benign\Y461.jpg,1
Dataset\Training\Benign\Y462.jpg,1
Dataset\Training\Benign\Y463.jpg,1
Dataset\Training\Benign\Y464.jpg,1
Dataset\Training\Benign\Y465.jpg,1
Dataset\Training\Benign\Y466.jpg,1
Dataset\Training\Benign\Y467.jpg,1
Dataset\Training\Benign\Y468.jpg,1
Dataset\Training\Benign\Y469.jpg,1
Dataset\Training\Benign\Y47.jpg,1
Dataset\Training\Benign\Y470.jpg,1
Dataset\Training\Benign\Y471.jpg,1
Dataset\Training\Benign\Y472.jpg,1
Dataset\Training\Benign\Y473.jpg,1
Dataset\Training\Benign\Y474.jpg,1
Dataset\Training\Benign\Y475.jpg,1
Dataset\Training\Benign\Y476.jpg,1
Dataset\Training\Benign\Y477.jpg,1
Dataset\Training\Benign\Y478.jpg,1
Dataset\Training\Benign\Y479.jpg,1
Dataset\Training\Benign\Y48.jpg,1
Dataset\Training\Benign\Y480.jpg,1
Dataset\Training\Benign\Y481.jpg,1
Dataset\Training\Benign\Y482.jpg,1
Dataset\Training\Benign\Y483.jpg,1
Dataset\Training\Benign\Y484.jpg,1
Dataset\Training\Benign\Y485.jpg,1
Dataset\Training\Benign\Y486.jpg,1
Dataset\Training\Benign\Y487.jpg,1
Dataset\Training\Benign\Y488.jpg,1
Dataset\Training\Benign\Y489.jpg,1
Dataset\Training\Benign\Y49.jpg,1
Dataset\Training\Benign\Y490.jpg,1
Dataset\Training\Benign\Y491.jpg,1
Dataset\Training\Benign\Y492.jpg,1
Dataset\Training\Benign\Y493.jpg,1
Dataset\Training\Benign\Y494.jpg,1
Dataset\Training\Benign\Y495.jpg,1
Dataset\Training\Benign\Y496.jpg,1
Dataset\Training\Benign\Y497.jpg,1
Dataset\Training\Benign\Y498.jpg,1
Dataset\Training\Benign\Y499.jpg,1
Dataset\Training\Benign\Y5.jpg,1
Dataset\Training\Benign\Y50.jpg,1
Dataset\Training\Benign\Y500.jpg,1
Dataset\Training\Benign\Y501.jpg,1
Dataset\Training\Benign\Y502.jpg,1
Dataset\Training\Benign\Y503.jpg,1
Dataset\Training\Benign\Y504.jpg,1
Dataset\Training\Benign\Y505.jpg,1
Dataset\Training\Benign\Y506.jpg,1
Dataset\Training\Benign\Y507.jpg,1
Dataset\Training\Benign\Y508.jpg,1
Dataset\Training\Benign\Y509.jpg,1
Dataset\Training\Benign\Y51.jpg,1
Dataset\Training\Benign\Y510.jpg,1
Dataset\Training\Benign\Y511.jpg,1
Dataset\Training\Benign\Y512.jpg,1
Dataset\Training\Benign\Y513.jpg,1
Dataset\Training\Benign\Y514.jpg,1
Dataset\Training\Benign\Y515.jpg,1
Dataset\Training\Benign\Y516.jpg,1
Dataset\Training\Benign\Y517.jpg,1
Dataset\Training\Benign\Y518.jpg,1
Dataset\Training\Benign\Y519.jpg,1
Dataset\Training\Benign\Y52.jpg,1
Dataset\Training\Benign\Y520.jpg,1
Dataset\Training\Benign\Y521.jpg,1
Dataset\Training\Benign\Y522.jpg,1
Dataset\Training\Benign\Y523.jpg,1
Dataset\Training\Benign\Y524.jpg,1
Dataset\Training\Benign\Y525.jpg,1
Dataset\Training\Benign\Y526.jpg,1
Dataset\Training\Benign\Y527.jpg,1
Dataset\Training\Benign\Y528.jpg,1
Dataset\Training\Benign\Y529.jpg,1
Dataset\Training\Benign\Y53.jpg,1
Dataset\Training\Benign\Y530.jpg,1
Dataset\Training\Benign\Y531.jpg,1
Dataset\Training\Benign\Y532.jpg,1
Dataset\Training\Benign\Y533.jpg,1
Dataset\Training\Benign\Y534.jpg,1
Dataset\Training\Benign\Y535.jpg,1
Dataset\Training\Benign\Y536.jpg,1
Dataset\Training\Benign\Y537.jpg,1
Dataset\Training\Benign\Y538.jpg,1
Dataset\Training\Benign\Y539.jpg,1
Dataset\Training\Benign\Y54.jpg,1
Dataset\Training\Benign\Y540.jpg,1
Dataset\Training\Benign\Y541.jpg,1
Dataset\Training\Benign\Y542.jpg,1
Dataset\Training\Benign\Y543.jpg,1
Dataset\Training\Benign\Y544.jpg,1
Dataset\Training\Benign\Y545.jpg,1
Dataset\Training\Benign\Y546.jpg,1
Dataset\Training\Benign\Y547.jpg,1
Dataset\Training\Benign\Y548.jpg,1
Dataset\Training\Benign\Y549.jpg,1
Dataset\Training\Benign\Y55.jpg,1
Dataset\Training\Benign\Y550.jpg,1
Dataset\Training\Benign\Y551.jpg,1
Dataset\Training\Benign\Y552.jpg,1
Dataset\Training\Benign\Y553.jpg,1
Dataset\Training\Benign\Y554.jpg,1
Dataset\Training\Benign\Y555.jpg,1
Dataset\Training\Benign\Y556.jpg,1
Dataset\Training\Benign\Y557.jpg,1
Dataset\Training\Benign\Y558.jpg,1
Dataset\Training\Benign\Y559.jpg,1
Dataset\Training\Benign\Y56.jpg,1
Dataset\Training\Benign\Y560.jpg,1
Dataset\Training\Benign\Y561.jpg,1
Dataset\Training\Benign\Y562.jpg,1
Dataset\Training\Benign\Y563.jpg,1
Dataset\Training\Benign\Y564.jpg,1
Dataset\Training\Benign\Y565.jpg,1
Dataset\Training\Benign\Y566.jpg,1
Dataset\Training\Benign\Y567.jpg,1
Dataset\Training\Benign\Y568.jpg,1
Dataset\Training\Benign\Y569.jpg,1
Dataset\Training\Benign\Y57.jpg,1
Dataset\Training\Benign\Y570.jpg,1
Dataset\Training\Benign\Y571.jpg,1
Dataset\Training\Benign\Y572.jpg,1
Dataset\Training\Benign\Y573.jpg,1
Dataset\Training\Benign\Y574.jpg,1
Dataset\Training\Benign\Y575.jpg,1
Dataset\Training\Benign\Y576.jpg,1
Dataset\Training\Benign\Y577.jpg,1
Dataset\Training\Benign\Y578.jpg,1
Dataset\Training\Benign\Y579.jpg,1
Dataset\Training\Benign\Y58.jpg,1
Dataset\Training\Benign\Y580.jpg,1
Dataset\Training\Benign\Y581.jpg,1
Dataset\Training\Benign\Y582.jpg,1
Dataset\Training\Benign\Y583.jpg,1
Dataset\Training\Benign\Y584.jpg,1
Dataset\Training\Benign\Y585.jpg,1
Dataset\Training\Benign\Y586.jpg,1
Dataset\Training\Benign\Y587.jpg,1
Dataset\Training\Benign\Y588.jpg,1
Dataset\Training\Benign\Y589.jpg,1
Dataset\Training\Benign\Y59.jpg,1
Dataset\Training\Benign\Y590.jpg,1
Dataset\Training\Benign\Y591.jpg,1
Dataset\Training\Benign\Y592.jpg,1
Dataset\Training\Benign\Y593.jpg,1
Dataset\Training\Benign\Y594.jpg,1
Dataset\Training\Benign\Y595.jpg,1
Dataset\Training\Benign\Y596.jpg,1
Dataset\Training\Benign\Y597.jpg,1
Dataset\Training\Benign\Y598.jpg,1
Dataset\Training\Benign\Y599.jpg,1
Dataset\Training\Benign\Y6.jpg,1
Dataset\Training\Benign\Y60.jpg,1
Dataset\Training\Benign\Y600.jpg,1
Dataset\Training\Benign\Y601.jpg,1
Dataset\Training\Benign\Y602.jpg,1
Dataset\Training\Benign\Y603.jpg,1
Dataset\Training\Benign\Y604.jpg,1
Dataset\Training\Benign\Y605.jpg,1
Dataset\Training\Benign\Y606.jpg,1
Dataset\Training\Benign\Y607.jpg,1
Dataset\Training\Benign\Y608.jpg,1
Dataset\Training\Benign\Y609.jpg,1
Dataset\Training\Benign\Y61.jpg,1
Dataset\Training\Benign\Y610.jpg,1
Dataset\Training\Benign\Y611.jpg,1
Dataset\Training\Benign\Y612.jpg,1
Dataset\Training\Benign\Y613.jpg,1
Dataset\Training\Benign\Y614.jpg,1
Dataset\Training\Benign\Y615.jpg,1
Dataset\Training\Benign\Y616.jpg,1
Dataset\Training\Benign\Y617.jpg,1
Dataset\Training\Benign\Y618.jpg,1
Dataset\Training\Benign\Y619.jpg,1
Dataset\Training\Benign\Y62.jpg,1
Dataset\Training\Benign\Y620.jpg,1
Dataset\Training\Benign\Y621.jpg,1
Dataset\Training\Benign\Y622.jpg,1
Dataset\Training\Benign\Y623.jpg,1
Dataset\Training\Benign\Y624.jpg,1
Dataset\Training\Benign\Y625.jpg,1
Dataset\Training\Benign\Y626.jpg,1
Dataset\Training\Benign\Y627.jpg,1
Dataset\Training\Benign\Y628.jpg,1
Dataset\Training\Benign\Y629.jpg,1
Dataset\Training\Benign\Y63.jpg,1
Dataset\Training\Benign\Y630.jpg,1
Dataset\Training\Benign\Y631.jpg,1
Dataset\Training\Benign\Y632.jpg,1
Dataset\Training\Benign\Y633.jpg,1
Dataset\Training\Benign\Y634.jpg,1
Dataset\Training\Benign\Y635.jpg,1
Dataset\Training\Benign\Y636.jpg,1
Dataset\Training\Benign\Y637.jpg,1
Dataset\Training\Benign\Y638.jpg,1
Dataset\Training\Benign\Y639.jpg,1
Dataset\Training\Benign\Y64.jpg,1
Dataset\Training\Benign\Y640.jpg,1
Dataset\Training\Benign\Y641.jpg,1
Dataset\Training\Benign\Y642.jpg,1
Dataset\Training\Benign\Y643.jpg,1
Dataset\Training\Benign\Y644.jpg,1
Dataset\Training\Benign\Y645.jpg,1
Dataset\Training\Benign\Y646.jpg,1
Dataset\Training\Benign\Y647.jpg,1
Dataset\Training\Benign\Y648.jpg,1
Dataset\Training\Benign\Y649.jpg,1
Dataset\Training\Benign\Y65.jpg,1
Dataset\Training\Benign\Y650.jpg,1
Dataset\Training\Benign\Y651.jpg,1
Dataset\Training\Benign\Y652.jpg,1
Dataset\Training\Benign\Y653.jpg,1
Dataset\Training\Benign\Y654.jpg,1
Dataset\Training\Benign\Y655.jpg,1
Dataset\Training\Benign\Y656.jpg,1
Dataset\Training\Benign\Y657.jpg,1
Dataset\Training\Benign\Y658.jpg,1
Dataset\Training\Benign\Y659.jpg,1
Dataset\Training\Benign\Y66.jpg,1
Dataset\Training\Benign\Y660.jpg,1
Dataset\Training\Benign\Y661.jpg,1
Dataset\Training\Benign\Y662.jpg,1
Dataset\Training\Benign\Y663.jpg,1
Dataset\Training\Benign\Y664.jpg,1
Dataset\Training\Benign\Y665.jpg,1
Dataset\Training\Benign\Y666.jpg,1
Dataset\Training\Benign\Y667.jpg,1
Dataset\Training\Benign\Y668.jpg,1
Dataset\Training\Benign\Y669.jpg,1
Dataset\Training\Benign\Y67.jpg,1
Dataset\Training\Benign\Y670.jpg,1
Dataset\Training\Benign\Y671.jpg,1
Dataset\Training\Benign\Y672.jpg,1
Dataset\Training\Benign\Y673.jpg,1
Dataset\Training\Benign\Y674.jpg,1
Dataset\Training\Benign\Y675.jpg,1
Dataset\Training\Benign\Y676.jpg,1
Dataset\Training\Benign\Y677.jpg,1
Dataset\Training\Benign\Y678.jpg,1
Dataset\Training\Benign\Y679.jpg,1
Dataset\Training\Benign\Y68.jpg,1
Dataset\Training\Benign\Y680.jpg,1
Dataset\Training\Benign\Y681.jpg,1
Dataset\Training\Benign\Y682.jpg,1
Dataset\Training\Benign\Y683.jpg,1
Dataset\Training\Benign\Y684.jpg,1
Dataset\Training\Benign\Y685.jpg,1
Dataset\Training\Benign\Y686.jpg,1
Dataset\Training\Benign\Y687.jpg,1
Dataset\Training\Benign\Y688.jpg,1
Dataset\Training\Benign\Y689.jpg,1
Dataset\Training\Benign\Y69.jpg,1
Dataset\Training\Benign\Y690.jpg,1
Dataset\Training\Benign\Y691.jpg,1
Dataset\Training\Benign\Y692.jpg,1
Dataset\Training\Benign\Y693.jpg,1
Dataset\Training\Benign\Y694.jpg,1
Dataset\Training\Benign\Y695.jpg,1
Dataset\Training\Benign\Y696.jpg,1
Dataset\Training\Benign\Y697.jpg,1
Dataset\Training\Benign\Y698.jpg,1
Dataset\Training\Benign\Y699.jpg,1
Dataset\Training\Benign\Y7.jpg,1
Dataset\Training\Benign\Y70.jpg,1
Dataset\Training\Benign\Y700.jpg,1
Dataset\Training\Benign\Y701.jpg,1
Dataset\Training\Benign\Y702.jpg,1
Dataset\Training\Benign\Y703.jpg,1
Dataset\Training\Benign\Y704.jpg,1
Dataset\Training\Benign\Y705.jpg,1
Dataset\Training\Benign\Y706.jpg,1
Dataset\Training\Benign\Y707.jpg,1
Dataset\Training\Benign\Y708.jpg,1
Dataset\Training\Benign\Y709.jpg,1
Dataset\Training\Benign\Y71.jpg,1
Dataset\Training\Benign\Y710.jpg,1
Dataset\Training\Benign\Y711.jpg,1
Dataset\Training\Benign\Y712.jpg,1
Dataset\Training\Benign\Y713.jpg,1
Dataset\Training\Benign\Y714.jpg,1
Dataset\Training\Benign\Y715.jpg,1
Dataset\Training\Benign\Y716.jpg,1
Dataset\Training\Benign\Y717.jpg,1
Dataset\Training\Benign\Y718.jpg,1
Dataset\Training\Benign\Y719.jpg,1
Dataset\Training\Benign\Y72.jpg,1
Dataset\Training\Benign\Y720.jpg,1
Dataset\Training\Benign\Y721.jpg,1
Dataset\Training\Benign\Y722.jpg,1
Dataset\Training\Benign\Y723.jpg,1
Dataset\Training\Benign\Y724.jpg,1
Dataset\Training\Benign\Y725.jpg,1
Dataset\Training\Benign\Y726.jpg,1
Dataset\Training\Benign\Y727.jpg,1
Dataset\Training\Benign\Y728.jpg,1
Dataset\Training\Benign\Y729.jpg,1
Dataset\Training\Benign\Y73.jpg,1
Dataset\Training\Benign\Y730.jpg,1
Dataset\Training\Benign\Y731.jpg,1
Dataset\Training\Benign\Y732.jpg,1
Dataset\Training\Benign\Y733.jpg,1
Dataset\Training\Benign\Y734.jpg,1
Dataset\Training\Benign\Y735.jpg,1
Dataset\Training\Benign\Y736.jpg,1
Dataset\Training\Benign\Y737.jpg,1
Dataset\Training\Benign\Y738.jpg,1
Dataset\Training\Benign\Y739.jpg,1
Dataset\Training\Benign\Y74.jpg,1
Dataset\Training\Benign\Y740.jpg,1
Dataset\Training\Benign\Y741.jpg,1
Dataset\Training\Benign\Y742.jpg,1
Dataset\Training\Benign\Y743.jpg,1
Dataset\Training\Benign\Y744.jpg,1
Dataset\Training\Benign\Y745.jpg,1
Dataset\Training\Benign\Y746.jpg,1
Dataset\Training\Benign\Y747.jpg,1
Dataset\Training\Benign\Y748.jpg,1
Dataset\Training\Benign\Y749.jpg,1
Dataset\Training\Benign\Y75.jpg,1
Dataset\Training\Benign\Y750.jpg,1
Dataset\Training\Benign\Y751.jpg,1
Dataset\Training\Benign\Y752.jpg,1
Dataset\Training\Benign\Y753.jpg,1
Dataset\Training\Benign\Y754.jpg,1
Dataset\Training\Benign\Y755.jpg,1
Dataset\Training\Benign\Y756.jpg,1
Dataset\Training\Benign\Y757.jpg,1
Dataset\Training\Benign\Y758.jpg,1
Dataset\Training\Benign\Y759.jpg,1
Dataset\Training\Benign\Y76.jpg,1
Dataset\Training\Benign\Y760.jpg,1
Dataset\Training\Benign\Y761.jpg,1
Dataset\Training\Benign\Y762.jpg,1
Dataset\Training\Benign\Y763.jpg,1
Dataset\Training\Benign\Y764.jpg,1
Dataset\Training\Benign\Y765.jpg,1
Dataset\Training\Benign\Y766.jpg,1
Dataset\Training\Benign\Y767.jpg,1
Dataset\Training\Benign\Y768.jpg,1
Dataset\Training\Benign\Y769.jpg,1
Dataset\Training\Benign\Y77.jpg,1
Dataset\Training\Benign\Y770.jpg,1
Dataset\Training\Benign\Y771.jpg,1
Dataset\Training\Benign\Y772.jpg,1
Dataset\Training\Benign\Y773.jpg,1
Dataset\Training\Benign\Y774.jpg,1
Dataset\Training\Benign\Y775.jpg,1
Dataset\Training\Benign\Y776.jpg,1
Dataset\Training\Benign\Y777.jpg,1
Dataset\Training\Benign\Y778.jpg,1
Dataset\Training\Benign\Y779.jpg,1
Dataset\Training\Benign\Y78.jpg,1
Dataset\Training\Benign\Y780.jpg,1
Dataset\Training\Benign\Y781.jpg,1
Dataset\Training\Benign\Y782.jpg,1
Dataset\Training\Benign\Y783.jpg,1
Dataset\Training\Benign\Y784.jpg,1
Dataset\Training\Benign\Y785.jpg,1
Dataset\Training\Benign\Y786.jpg,1
Dataset\Training\Benign\Y787.jpg,1
Dataset\Training\Benign\Y788.jpg,1
Dataset\Training\Benign\Y789.jpg,1
Dataset\Training\Benign\Y79.jpg,1
Dataset\Training\Benign\Y790.jpg,1
Dataset\Training\Benign\Y791.jpg,1
Dataset\Training\Benign\Y792.jpg,1
Dataset\Training\Benign\Y793.jpg,1
Dataset\Training\Benign\Y794.jpg,1
Dataset\Training\Benign\Y795.jpg,1
Dataset\Training\Benign\Y796.jpg,1
Dataset\Training\Benign\Y797.jpg,1
Dataset\Training\Benign\Y798.jpg,1
Dataset\Training\Benign\Y799.jpg,1
Dataset\Training\Benign\Y8.jpg,1
Dataset\Training\Benign\Y80.jpg,1
Dataset\Training\Benign\Y800.jpg,1
Dataset\Training\Benign\Y801.jpg,1
Dataset\Training\Benign\Y802.jpg,1
Dataset\Training\Benign\Y803.jpg,1
Dataset\Training\Benign\Y804.jpg,1
Dataset\Training\Benign\Y805.jpg,1
Dataset\Training\Benign\Y806.jpg,1
Dataset\Training\Benign\Y807.jpg,1
Dataset\Training\Benign\Y808.jpg,1
Dataset\Training\Benign\Y809.jpg,1
Dataset\Training\Benign\Y81.jpg,1
Dataset\Training\Benign\Y810.jpg,1
Dataset\Training\Benign\Y811.jpg,1
Dataset\Training\Benign\Y812.jpg,1
Dataset\Training\Benign\Y813.jpg,1
Dataset\Training\Benign\Y814.jpg,1
Dataset\Training\Benign\Y815.jpg,1
Dataset\Training\Benign\Y816.jpg,1
Dataset\Training\Benign\Y817.jpg,1
Dataset\Training\Benign\Y818.jpg,1
Dataset\Training\Benign\Y819.jpg,1
Dataset\Training\Benign\Y82.jpg,1
Dataset\Training\Benign\Y820.jpg,1
Dataset\Training\Benign\Y821.jpg,1
Dataset\Training\Benign\Y822.jpg,1
Dataset\Training\Benign\Y83.jpg,1
Dataset\Training\Benign\Y84.jpg,1
Dataset\Training\Benign\Y85.jpg,1
Dataset\Training\Benign\Y86.jpg,1
Dataset\Training\Benign\Y87.jpg,1
Dataset\Training\Benign\Y88.jpg,1
Dataset\Training\Benign\Y89.jpg,1
Dataset\Training\Benign\Y9.jpg,1
Dataset\Training\Benign\Y90.jpg,1
Dataset\Training\Benign\Y91.jpg,1
Dataset\Training\Benign\Y92.jpg,1
Dataset\Training\Benign\Y93.jpg,1
Dataset\Training\Benign\Y94.jpg,1
Dataset\Training\Benign\Y95.jpg,1
Dataset\Training\Benign\Y96.jpg,1
Dataset\Training\Benign\Y97.jpg,1
Dataset\Training\Benign\Y98.jpg,1
Dataset\Training\Benign\Y99.jpg,1
Dataset\Testing\Malignant\Y1.jpg,2
Dataset\Testing\Malignant\Y10.jpg,2
Dataset\Testing\Malignant\Y100.jpg,2
Dataset\Testing\Malignant\Y11.jpg,2
Dataset\Testing\Malignant\Y12.jpg,2
Dataset\Testing\Malignant\Y13.jpg,2
Dataset\Testing\Malignant\Y14.jpg,2
Dataset\Testing\Malignant\Y15.jpg,2
Dataset\Testing\Malignant\Y16.jpg,2
Dataset\Testing\Malignant\Y17.jpg,2
Dataset\Testing\Malignant\Y18.jpg,2
Dataset\Testing\Malignant\Y19.jpg,2
Dataset\Testing\Malignant\Y2.jpg,2
Dataset\Testing\Malignant\Y20.jpg,2
Dataset\Testing\Malignant\Y21.jpg,2
Dataset\Testing\Malignant\Y22.jpg,2
Dataset\Testing\Malignant\Y23.jpg,2
Dataset\Testing\Malignant\Y24.jpg,2
Dataset\Testing\Malignant\Y25.jpg,2
Dataset\Testing\Malignant\Y26.jpg,2
Dataset\Testing\Malignant\Y27.jpg,2
Dataset\Testing\Malignant\Y28.jpg,2
Dataset\Testing\Malignant\Y29.jpg,2
Dataset\Testing\Malignant\Y3.jpg,2
Dataset\Testing\Malignant\Y30.jpg,2
Dataset\Testing\Malignant\Y31.jpg,2
Dataset\Testing\Malignant\Y32.jpg,2
Dataset\Testing\Malignant\Y33.jpg,2
Dataset\Testing\Malignant\Y34.jpg,2
Dataset\Testing\Malignant\Y35.jpg,2
Dataset\Testing\Malignant\Y36.jpg,2
Dataset\Testing\Malignant\Y37.jpg,2
Dataset\Testing\Malignant\Y38.jpg,2
Dataset\Testing\Malignant\Y39.jpg,2
Dataset\Testing\Malignant\Y4.jpg,2
Dataset\Testing\Malignant\Y40.jpg,2
Dataset\Testing\Malignant\Y41.jpg,2
Dataset\Testing\Malignant\Y42.jpg,2
Dataset\Testing\Malignant\Y43.jpg,2
Dataset\Testing\Malignant\Y44.jpg,2
Dataset\Testing\Malignant\Y45.jpg,2
Dataset\Testing\Malignant\Y46.jpg,2
Dataset\Testing\Malignant\Y47.jpg,2
Dataset\Testing\Malignant\Y48.jpg,2
Dataset\Testing\Malignant\Y49.jpg,2
Dataset\Testing\Malignant\Y5.jpg,2
Dataset\Testing\Malignant\Y50.jpg,2
Dataset\Testing\Malignant\Y51.jpg,2
Dataset\Testing\Malignant\Y52.jpg,2
Dataset\Testing\Malignant\Y53.jpg,2
Dataset\Testing\Malignant\Y54.jpg,2
Dataset\Testing\Malignant\Y55.jpg,2
Dataset\Testing\Malignant\Y56.jpg,2
Dataset\Testing\Malignant\Y57.jpg,2
Dataset\Testing\Malignant\Y58.jpg,2
Dataset\Testing\Malignant\Y59.jpg,2
Dataset\Testing\Malignant\Y6.jpg,2
Dataset\Testing\Malignant\Y60.jpg,2
Dataset\Testing\Malignant\Y61.jpg,2
Dataset\Testing\Malignant\Y62.jpg,2
Dataset\Testing\Malignant\Y63.jpg,2
Dataset\Testing\Malignant\Y64.jpg,2
Dataset\Testing\Malignant\Y65.jpg,2
Dataset\Testing\Malignant\Y66.jpg,2
Dataset\Testing\Malignant\Y67.jpg,2
Dataset\Testing\Malignant\Y68.jpg,2
Dataset\Testing\Malignant\Y69.jpg,2
Dataset\Testing\Malignant\Y7.jpg,2
Dataset\Testing\Malignant\Y70.jpg,2
Dataset\Testing\Malignant\Y71.jpg,2
Dataset\Testing\Malignant\Y72.jpg,2
Dataset\Testing\Malignant\Y73.jpg,2
Dataset\Testing\Malignant\Y74.jpg,2
Dataset\Testing\Malignant\Y75.jpg,2
Dataset\Testing\Malignant\Y76.jpg,2
Dataset\Testing\Malignant\Y77.jpg,2
Dataset\Testing\Malignant\Y78.jpg,2
Dataset\Testing\Malignant\Y79.jpg,2
Dataset\Testing\Malignant\Y8.jpg,2
Dataset\Testing\Malignant\Y80.jpg,2
Dataset\Testing\Malignant\Y81.jpg,2
Dataset\Testing\Malignant\Y82.jpg,2
Dataset\Testing\Malignant\Y83.jpg,2
Dataset\Testing\Malignant\Y84.jpg,2
Dataset\Testing\Malignant\Y85.jpg,2
Dataset\Testing\Malignant\Y86.jpg,2
Dataset\Testing\Malignant\Y87.jpg,2
Dataset\Testing\Malignant\Y88.jpg,2
Dataset\Testing\Malignant\Y89.jpg,2
Dataset\Testing\Malignant\Y9.jpg,2
Dataset\Testing\Malignant\Y90.jpg,2
Dataset\Testing\Malignant\Y91.jpg,2
Dataset\Testing\Malignant\Y92.jpg,2
Dataset\Testing\Malignant\Y93.jpg,2
Dataset\Testing\Malignant\Y94.jpg,2
Dataset\Testing\Malignant\Y95.jpg,2
Dataset\Testing\Malignant\Y96.jpg,2
Dataset\Testing\Malignant\Y97.jpg,2
Dataset\Testing\Malignant\Y98.jpg,2
Dataset\Testing\Malignant\Y99.jpg,2
Dataset\Training\Malignant\Y1.jpg,2
Dataset\Training\Malignant\Y10.jpg,2
Dataset\Training\Malignant\Y100.jpg,2
Dataset\Training\Malignant\Y101.jpg,2
Dataset\Training\Malignant\Y102.jpg,2
Dataset\Training\Malignant\Y103.jpg,2
Dataset\Training\Malignant\Y104.jpg,2
Dataset\Training\Malignant\Y105.jpg,2
Dataset\Training\Malignant\Y106.jpg,2
Dataset\Training\Malignant\Y107.jpg,2
Dataset\Training\Malignant\Y108.jpg,2
Dataset\Training\Malignant\Y109.jpg,2
Dataset\Training\Malignant\Y11.jpg,2
Dataset\Training\Malignant\Y110.jpg,2
Dataset\Training\Malignant\Y111.jpg,2
Dataset\Training\Malignant\Y112.jpg,2
Dataset\Training\Malignant\Y113.jpg,2
Dataset\Training\Malignant\Y114.jpg,2
Dataset\Training\Malignant\Y115.jpg,2
Dataset\Training\Malignant\Y116.jpg,2
Dataset\Training\Malignant\Y117.jpg,2
Dataset\Training\Malignant\Y118.jpg,2
Dataset\Training\Malignant\Y119.jpg,2
Dataset\Training\Malignant\Y12.jpg,2
Dataset\Training\Malignant\Y120.jpg,2
Dataset\Training\Malignant\Y121.jpg,2
Dataset\Training\Malignant\Y122.jpg,2
Dataset\Training\Malignant\Y123.jpg,2
Dataset\Training\Malignant\Y124.jpg,2
Dataset\Training\Malignant\Y125.jpg,2
Dataset\Training\Malignant\Y126.jpg,2
Dataset\Training\Malignant\Y127.jpg,2
Dataset\Training\Malignant\Y128.jpg,2
Dataset\Training\Malignant\Y129.jpg,2
Dataset\Training\Malignant\Y13.jpg,2
Dataset\Training\Malignant\Y130.jpg,2
Dataset\Training\Malignant\Y131.jpg,2
Dataset\Training\Malignant\Y132.jpg,2
Dataset\Training\Malignant\Y133.jpg,2
Dataset\Training\Malignant\Y134.jpg,2
Dataset\Training\Malignant\Y135.jpg,2
Dataset\Training\Malignant\Y136.jpg,2
Dataset\Training\Malignant\Y137.jpg,2
Dataset\Training\Malignant\Y138.jpg,2
Dataset\Training\Malignant\Y139.jpg,2
Dataset\Training\Malignant\Y14.jpg,2
Dataset\Training\Malignant\Y140.jpg,2
Dataset\Training\Malignant\Y141.jpg,2
Dataset\Training\Malignant\Y142.jpg,2
Dataset\Training\Malignant\Y143.jpg,2
Dataset\Training\Malignant\Y144.jpg,2
Dataset\Training\Malignant\Y145.jpg,2
Dataset\Training\Malignant\Y146.jpg,2
Dataset\Training\Malignant\Y147.jpg,2
Dataset\Training\Malignant\Y148.jpg,2
Dataset\Training\Malignant\Y149.jpg,2
Dataset\Training\Malignant\Y15.jpg,2
Dataset\Training\Malignant\Y150.jpg,2
Dataset\Training\Malignant\Y151.jpg,2
Dataset\Training\Malignant\Y152.jpg,2
Dataset\Training\Malignant\Y153.jpg,2
Dataset\Training\Malignant\Y154.jpg,2
Dataset\Training\Malignant\Y155.jpg,2
Dataset\Training\Malignant\Y156.jpg,2
Dataset\Training\Malignant\Y157.jpg,2
Dataset\Training\Malignant\Y158.jpg,2
Dataset\Training\Malignant\Y159.jpg,2
Dataset\Training\Malignant\Y16.jpg,2
Dataset\Training\Malignant\Y160.jpg,2
Dataset\Training\Malignant\Y161.jpg,2
Dataset\Training\Malignant\Y162.jpg,2
Dataset\Training\Malignant\Y163.jpg,2
Dataset\Training\Malignant\Y164.jpg,2
Dataset\Training\Malignant\Y165.jpg,2
Dataset\Training\Malignant\Y166.jpg,2
Dataset\Training\Malignant\Y167.jpg,2
Dataset\Training\Malignant\Y168.jpg,2
Dataset\Training\Malignant\Y169.jpg,2
Dataset\Training\Malignant\Y17.jpg,2
Dataset\Training\Malignant\Y170.jpg,2
Dataset\Training\Malignant\Y171.jpg,2
Dataset\Training\Malignant\Y172.jpg,2
Dataset\Training\Malignant\Y173.jpg,2
Dataset\Training\Malignant\Y174.jpg,2
Dataset\Training\Malignant\Y175.jpg,2
Dataset\Training\Malignant\Y176.jpg,2
Dataset\Training\Malignant\Y177.jpg,2
Dataset\Training\Malignant\Y178.jpg,2
Dataset\Training\Malignant\Y179.jpg,2
Dataset\Training\Malignant\Y18.jpg,2
Dataset\Training\Malignant\Y180.jpg,2
Dataset\Training\Malignant\Y181.jpg,2
Dataset\Training\Malignant\Y182.jpg,2
Dataset\Training\Malignant\Y183.jpg,2
Dataset\Training\Malignant\Y184.jpg,2
Dataset\Training\Malignant\Y185.jpg,2
Dataset\Training\Malignant\Y186.jpg,2
Dataset\Training\Malignant\Y187.jpg,2
Dataset\Training\Malignant\Y188.jpg,2
Dataset\Training\Malignant\Y189.jpg,2
Dataset\Training\Malignant\Y19.jpg,2
Dataset\Training\Malignant\Y190.jpg,2
Dataset\Training\Malignant\Y191.jpg,2
Dataset\Training\Malignant\Y192.jpg,2
Dataset\Training\Malignant\Y193.jpg,2
Dataset\Training\Malignant\Y194.jpg,2
Dataset\Training\Malignant\Y195.jpg,2
Dataset\Training\Malignant\Y196.jpg,2
Dataset\Training\Malignant\Y197.jpg,2
Dataset\Training\Malignant\Y198.jpg,2
Dataset\Training\Malignant\Y199.jpg,2
Dataset\Training\Malignant\Y2.jpg,2
Dataset\Training\Malignant\Y20.jpg,2
Dataset\Training\Malignant\Y200.jpg,2
Dataset\Training\Malignant\Y201.jpg,2
Dataset\Training\Malignant\Y202.jpg,2
Dataset\Training\Malignant\Y203.jpg,2
Dataset\Training\Malignant\Y204.jpg,2
Dataset\Training\Malignant\Y205.jpg,2
Dataset\Training\Malignant\Y206.jpg,2
Dataset\Training\Malignant\Y207.jpg,2
Dataset\Training\Malignant\Y208.jpg,2
Dataset\Training\Malignant\Y209.jpg,2
Dataset\Training\Malignant\Y21.jpg,2
Dataset\Training\Malignant\Y210.jpg,2
Dataset\Training\Malignant\Y211.jpg,2
Dataset\Training\Malignant\Y212.jpg,2
Dataset\Training\Malignant\Y213.jpg,2
Dataset\Training\Malignant\Y214.jpg,2
Dataset\Training\Malignant\Y215.jpg,2
Dataset\Training\Malignant\Y216.jpg,2
Dataset\Training\Malignant\Y217.jpg,2
Dataset\Training\Malignant\Y218.jpg,2
Dataset\Training\Malignant\Y219.jpg,2
Dataset\Training\Malignant\Y22.jpg,2
Dataset\Training\Malignant\Y220.jpg,2
Dataset\Training\Malignant\Y221.jpg,2
Dataset\Training\Malignant\Y222.jpg,2
Dataset\Training\Malignant\Y223.jpg,2
Dataset\Training\Malignant\Y224.jpg,2
Dataset\Training\Malignant\Y225.jpg,2
Dataset\Training\Malignant\Y226.jpg,2
Dataset\Training\Malignant\Y227.jpg,2
Dataset\Training\Malignant\Y228.jpg,2
Dataset\Training\Malignant\Y229.jpg,2
Dataset\Training\Malignant\Y23.jpg,2
Dataset\Training\Malignant\Y230.jpg,2
Dataset\Training\Malignant\Y231.jpg,2
Dataset\Training\Malignant\Y232.jpg,2
Dataset\Training\Malignant\Y233.jpg,2
Dataset\Training\Malignant\Y234.jpg,2
Dataset\Training\Malignant\Y235.jpg,2
Dataset\Training\Malignant\Y236.jpg,2
Dataset\Training\Malignant\Y237.jpg,2
Dataset\Training\Malignant\Y238.jpg,2
Dataset\Training\Malignant\Y239.jpg,2
Dataset\Training\Malignant\Y24.jpg,2
Dataset\Training\Malignant\Y240.jpg,2
Dataset\Training\Malignant\Y241.jpg,2
Dataset\Training\Malignant\Y242.jpg,2
Dataset\Training\Malignant\Y243.jpg,2
Dataset\Training\Malignant\Y244.jpg,2
Dataset\Training\Malignant\Y245.jpg,2
Dataset\Training\Malignant\Y246.jpg,2
Dataset\Training\Malignant\Y247.jpg,2
Dataset\Training\Malignant\Y248.jpg,2
Dataset\Training\Malignant\Y249.jpg,2
Dataset\Training\Malignant\Y25.jpg,2
Dataset\Training\Malignant\Y250.jpg,2
Dataset\Training\Malignant\Y251.jpg,2
Dataset\Training\Malignant\Y252.jpg,2
Dataset\Training\Malignant\Y253.jpg,2
Dataset\Training\Malignant\Y254.jpg,2
Dataset\Training\Malignant\Y255.jpg,2
Dataset\Training\Malignant\Y256.jpg,2
Dataset\Training\Malignant\Y257.jpg,2
Dataset\Training\Malignant\Y258.jpg,2
Dataset\Training\Malignant\Y259.jpg,2
Dataset\Training\Malignant\Y26.jpg,2
Dataset\Training\Malignant\Y260.jpg,2
Dataset\Training\Malignant\Y261.jpg,2
Dataset\Training\Malignant\Y262.jpg,2
Dataset\Training\Malignant\Y263.jpg,2
Dataset\Training\Malignant\Y264.jpg,2
Dataset\Training\Malignant\Y265.jpg,2
Dataset\Training\Malignant\Y266.jpg,2
Dataset\Training\Malignant\Y267.jpg,2
Dataset\Training\Malignant\Y268.jpg,2
Dataset\Training\Malignant\Y269.jpg,2
Dataset\Training\Malignant\Y27.jpg,2
Dataset\Training\Malignant\Y270.jpg,2
Dataset\Training\Malignant\Y271.jpg,2
Dataset\Training\Malignant\Y272.jpg,2
Dataset\Training\Malignant\Y273.jpg,2
Dataset\Training\Malignant\Y274.jpg,2
Dataset\Training\Malignant\Y275.jpg,2
Dataset\Training\Malignant\Y276.jpg,2
Dataset\Training\Malignant\Y277.jpg,2
Dataset\Training\Malignant\Y278.jpg,2
Dataset\Training\Malignant\Y279.jpg,2
Dataset\Training\Malignant\Y28.jpg,2
Dataset\Training\Malignant\Y280.jpg,2
Dataset\Training\Malignant\Y281.jpg,2
Dataset\Training\Malignant\Y282.jpg,2
Dataset\Training\Malignant\Y283.jpg,2
Dataset\Training\Malignant\Y284.jpg,2
Dataset\Training\Malignant\Y285.jpg,2
Dataset\Training\Malignant\Y286.jpg,2
Dataset\Training\Malignant\Y287.jpg,2
Dataset\Training\Malignant\Y288.jpg,2
Dataset\Training\Malignant\Y289.jpg,2
Dataset\Training\Malignant\Y29.jpg,2
Dataset\Training\Malignant\Y290.jpg,2
Dataset\Training\Malignant\Y291.jpg,2
Dataset\Training\Malignant\Y292.jpg,2
Dataset\Training\Malignant\Y293.jpg,2
Dataset\Training\Malignant\Y294.jpg,2
Dataset\Training\Malignant\Y295.jpg,2
Dataset\Training\Malignant\Y296.jpg,2
Dataset\Training\Malignant\Y297.jpg,2
Dataset\Training\Malignant\Y298.jpg,2
Dataset\Training\Malignant\Y299.jpg,2
Dataset\Training\Malignant\Y3.jpg,2
Dataset\Training\Malignant\Y30.jpg,2
Dataset\Training\Malignant\Y300.jpg,2
Dataset\Training\Malignant\Y301.jpg,2
Dataset\Training\Malignant\Y302.jpg,2
Dataset\Training\Malignant\Y303.jpg,2
Dataset\Training\Malignant\Y304.jpg,2
Dataset\Training\Malignant\Y305.jpg,2
Dataset\Training\Malignant\Y306.jpg,2
Dataset\Training\Malignant\Y307.jpg,2
Dataset\Training\Malignant\Y308.jpg,2
Dataset\Training\Malignant\Y309.jpg,2
Dataset\Training\Malignant\Y31.jpg,2
Dataset\Training\Malignant\Y310.jpg,2
Dataset\Training\Malignant\Y311.jpg,2
Dataset\Training\Malignant\Y312.jpg,2
Dataset\Training\Malignant\Y313.jpg,2
Dataset\Training\Malignant\Y314.jpg,2
Dataset\Training\Malignant\Y315.jpg,2
Dataset\Training\Malignant\Y316.jpg,2
Dataset\Training\Malignant\Y317.jpg,2
Dataset\Training\Malignant\Y318.jpg,2
Dataset\Training\Malignant\Y319.jpg,2
Dataset\Training\Malignant\Y32.jpg,2
Dataset\Training\Malignant\Y320.jpg,2
Dataset\Training\Malignant\Y321.jpg,2
Dataset\Training\Malignant\Y322.jpg,2
Dataset\Training\Malignant\Y323.jpg,2
Dataset\Training\Malignant\Y324.jpg,2
Dataset\Training\Malignant\Y325.jpg,2
Dataset\Training\Malignant\Y326.jpg,2
Dataset\Training\Malignant\Y327.jpg,2
Dataset\Training\Malignant\Y328.jpg,2
Dataset\Training\Malignant\Y329.jpg,2
Dataset\Training\Malignant\Y33.jpg,2
Dataset\Training\Malignant\Y330.jpg,2
Dataset\Training\Malignant\Y331.jpg,2
Dataset\Training\Malignant\Y332.jpg,2
Dataset\Training\Malignant\Y333.jpg,2
Dataset\Training\Malignant\Y334.jpg,2
Dataset\Training\Malignant\Y335.jpg,2
Dataset\Training\Malignant\Y336.jpg,2
Dataset\Training\Malignant\Y337.jpg,2
Dataset\Training\Malignant\Y338.jpg,2
Dataset\Training\Malignant\Y339.jpg,2
Dataset\Training\Malignant\Y34.jpg,2
Dataset\Training\Malignant\Y340.jpg,2
Dataset\Training\Malignant\Y341.jpg,2
Dataset\Training\Malignant\Y342.jpg,2
Dataset\Training\Malignant\Y343.jpg,2
Dataset\Training\Malignant\Y344.jpg,2
Dataset\Training\Malignant\Y345.jpg,2
Dataset\Training\Malignant\Y346.jpg,2
Dataset\Training\Malignant\Y347.jpg,2
Dataset\Training\Malignant\Y348.jpg,2
Dataset\Training\Malignant\Y349.jpg,2
Dataset\Training\Malignant\Y35.jpg,2
Dataset\Training\Malignant\Y350.jpg,2
Dataset\Training\Malignant\Y351.jpg,2
Dataset\Training\Malignant\Y352.jpg,2
Dataset\Training\Malignant\Y353.jpg,2
Dataset\Training\Malignant\Y354.jpg,2
Dataset\Training\Malignant\Y355.jpg,2
Dataset\Training\Malignant\Y356.jpg,2
Dataset\Training\Malignant\Y357.jpg,2
Dataset\Training\Malignant\Y358.jpg,2
Dataset\Training\Malignant\Y359.jpg,2
Dataset\Training\Malignant\Y36.jpg,2
Dataset\Training\Malignant\Y360.jpg,2
Dataset\Training\Malignant\Y361.jpg,2
Dataset\Training\Malignant\Y362.jpg,2
Dataset\Training\Malignant\Y363.jpg,2
Dataset\Training\Malignant\Y364.jpg,2
Dataset\Training\Malignant\Y365.jpg,2
Dataset\Training\Malignant\Y366.jpg,2
Dataset\Training\Malignant\Y367.jpg,2
Dataset\Training\Malignant\Y368.jpg,2
Dataset\Training\Malignant\Y369.jpg,2
Dataset\Training\Malignant\Y37.jpg,2
Dataset\Training\Malignant\Y370.jpg,2
Dataset\Training\Malignant\Y371.jpg,2
Dataset\Training\Malignant\Y372.jpg,2
Dataset\Training\Malignant\Y373.jpg,2
Dataset\Training\Malignant\Y374.jpg,2
Dataset\Training\Malignant\Y375.jpg,2
Dataset\Training\Malignant\Y376.jpg,2
Dataset\Training\Malignant\Y377.jpg,2
Dataset\Training\Malignant\Y378.jpg,2
Dataset\Training\Malignant\Y379.jpg,2
Dataset\Training\Malignant\Y38.jpg,2
Dataset\Training\Malignant\Y380.jpg,2
Dataset\Training\Malignant\Y381.jpg,2
Dataset\Training\Malignant\Y382.jpg,2
Dataset\Training\Malignant\Y383.jpg,2
Dataset\Training\Malignant\Y384.jpg,2
Dataset\Training\Malignant\Y385.jpg,2
Dataset\Training\Malignant\Y386.jpg,2
Dataset\Training\Malignant\Y387.jpg,2
Dataset\Training\Malignant\Y388.jpg,2
Dataset\Training\Malignant\Y389.jpg,2
Dataset\Training\Malignant\Y39.jpg,2
Dataset\Training\Malignant\Y390.jpg,2
Dataset\Training\Malignant\Y391.jpg,2
Dataset\Training\Malignant\Y392.jpg,2
Dataset\Training\Malignant\Y393.jpg,2
Dataset\Training\Malignant\Y394.jpg,2
Dataset\Training\Malignant\Y395.jpg,2
Dataset\Training\Malignant\Y396.jpg,2
Dataset\Training\Malignant\Y397.jpg,2
Dataset\Training\Malignant\Y398.jpg,2
Dataset\Training\Malignant\Y399.jpg,2
Dataset\Training\Malignant\Y4.jpg,2
Dataset\Training\Malignant\Y40.jpg,2
Dataset\Training\Malignant\Y400.jpg,2
Dataset\Training\Malignant\Y401.jpg,2
Dataset\Training\Malignant\Y402.jpg,2
Dataset\Training\Malignant\Y403.jpg,2
Dataset\Training\Malignant\Y404.jpg,2
Dataset\Training\Malignant\Y405.jpg,2
Dataset\Training\Malignant\Y406.jpg,2
Dataset\Training\Malignant\Y407.jpg,2
Dataset\Training\Malignant\Y408.jpg,2
Dataset\Training\Malignant\Y409.jpg,2
Dataset\Training\Malignant\Y41.jpg,2
Dataset\Training\Malignant\Y410.jpg,2
Dataset\Training\Malignant\Y411.jpg,2
Dataset\Training\Malignant\Y412.jpg,2
Dataset\Training\Malignant\Y413.jpg,2
Dataset\Training\Malignant\Y414.jpg,2
Dataset\Training\Malignant\Y415.jpg,2
Dataset\Training\Malignant\Y416.jpg,2
Dataset\Training\Malignant\Y417.jpg,2
Dataset\Training\Malignant\Y418.jpg,2
Dataset\Training\Malignant\Y419.jpg,2
Dataset\Training\Malignant\Y42.jpg,2
Dataset\Training\Malignant\Y420.jpg,2
Dataset\Training\Malignant\Y421.jpg,2
Dataset\Training\Malignant\Y422.jpg,2
Dataset\Training\Malignant\Y423.jpg,2
Dataset\Training\Malignant\Y424.jpg,2
Dataset\Training\Malignant\Y425.jpg,2
Dataset\Training\Malignant\Y426.jpg,2
Dataset\Training\Malignant\Y427.jpg,2
Dataset\Training\Malignant\Y428.jpg,2
Dataset\Training\Malignant\Y429.jpg,2
Dataset\Training\Malignant\Y43.jpg,2
Dataset\Training\Malignant\Y430.jpg,2
Dataset\Training\Malignant\Y431.jpg,2
Dataset\Training\Malignant\Y432.jpg,2
Dataset\Training\Malignant\Y433.jpg,2
Dataset\Training\Malignant\Y434.jpg,2
Dataset\Training\Malignant\Y435.jpg,2
Dataset\Training\Malignant\Y436.jpg,2
Dataset\Training\Malignant\Y437.jpg,2
Dataset\Training\Malignant\Y438.jpg,2
Dataset\Training\Malignant\Y439.jpg,2
Dataset\Training\Malignant\Y44.jpg,2
Dataset\Training\Malignant\Y440.jpg,2
Dataset\Training\Malignant\Y441.jpg,2
Dataset\Training\Malignant\Y442.jpg,2
Dataset\Training\Malignant\Y443.jpg,2
Dataset\Training\Malignant\Y444.jpg,2
Dataset\Training\Malignant\Y445.jpg,2
Dataset\Training\Malignant\Y446.jpg,2
Dataset\Training\Malignant\Y447.jpg,2
Dataset\Training\Malignant\Y448.jpg,2
Dataset\Training\Malignant\Y449.jpg,2
Dataset\Training\Malignant\Y45.jpg,2
Dataset\Training\Malignant\Y450.jpg,2
Dataset\Training\Malignant\Y451.jpg,2
Dataset\Training\Malignant\Y452.jpg,2
Dataset\Training\Malignant\Y453.jpg,2
Dataset\Training\Malignant\Y454.jpg,2
Dataset\Training\Malignant\Y455.jpg,2
Dataset\Training\Malignant\Y456.jpg,2
Dataset\Training\Malignant\Y457.jpg,2
Dataset\Training\Malignant\Y458.jpg,2
Dataset\Training\Malignant\Y459.jpg,2
Dataset\Training\Malignant\Y46.jpg,2
Dataset\Training\Malignant\Y460.jpg,2
Dataset\Training\Malignant\Y461.jpg,2
Dataset\Training\Malignant\Y462.jpg,2
Dataset\Training\Malignant\Y463.jpg,2
Dataset\Training\Malignant\Y464.jpg,2
Dataset\Training\Malignant\Y465.jpg,2
Dataset\Training\Malignant\Y466.jpg,2
Dataset\Training\Malignant\Y467.jpg,2
Dataset\Training\Malignant\Y468.jpg,2
Dataset\Training\Malignant\Y469.jpg,2
Dataset\Training\Malignant\Y47.jpg,2
Dataset\Training\Malignant\Y470.jpg,2
Dataset\Training\Malignant\Y471.jpg,2
Dataset\Training\Malignant\Y472.jpg,2
Dataset\Training\Malignant\Y473.jpg,2
Dataset\Training\Malignant\Y474.jpg,2
Dataset\Training\Malignant\Y475.jpg,2
Dataset\Training\Malignant\Y476.jpg,2
Dataset\Training\Malignant\Y477.jpg,2
Dataset\Training\Malignant\Y478.jpg,2
Dataset\Training\Malignant\Y479.jpg,2
Dataset\Training\Malignant\Y48.jpg,2
Dataset\Training\Malignant\Y480.jpg,2
Dataset\Training\Malignant\Y481.jpg,2
Dataset\Training\Malignant\Y482.jpg,2
Dataset\Training\Malignant\Y483.jpg,2
Dataset\Training\Malignant\Y484.jpg,2
Dataset\Training\Malignant\Y485.jpg,2
Dataset\Training\Malignant\Y486.jpg,2
Dataset\Training\Malignant\Y487.jpg,2
Dataset\Training\Malignant\Y488.jpg,2
Dataset\Training\Malignant\Y489.jpg,2
Dataset\Training\Malignant\Y49.jpg,2
Dataset\Training\Malignant\Y490.jpg,2
Dataset\Training\Malignant\Y491.jpg,2
Dataset\Training\Malignant\Y492.jpg,2
Dataset\Training\Malignant\Y493.jpg,2
Dataset\Training\Malignant\Y494.jpg,2
Dataset\Training\Malignant\Y495.jpg,2
Dataset\Training\Malignant\Y496.jpg,2
Dataset\Training\Malignant\Y497.jpg,2
Dataset\Training\Malignant\Y498.jpg,2
Dataset\Training\Malignant\Y499.jpg,2
Dataset\Training\Malignant\Y5.jpg,2
Dataset\Training\Malignant\Y50.jpg,2
Dataset\Training\Malignant\Y500.jpg,2
Dataset\Training\Malignant\Y501.jpg,2
Dataset\Training\Malignant\Y502.jpg,2
Dataset\Training\Malignant\Y503.jpg,2
Dataset\Training\Malignant\Y504.jpg,2
Dataset\Training\Malignant\Y505.jpg,2
Dataset\Training\Malignant\Y506.jpg,2
Dataset\Training\Malignant\Y507.jpg,2
Dataset\Training\Malignant\Y508.jpg,2
Dataset\Training\Malignant\Y509.jpg,2
Dataset\Training\Malignant\Y51.jpg,2
Dataset\Training\Malignant\Y510.jpg,2
Dataset\Training\Malignant\Y511.jpg,2
Dataset\Training\Malignant\Y512.jpg,2
Dataset\Training\Malignant\Y513.jpg,2
Dataset\Training\Malignant\Y514.jpg,2
Dataset\Training\Malignant\Y515.jpg,2
Dataset\Training\Malignant\Y516.jpg,2
Dataset\Training\Malignant\Y517.jpg,2
Dataset\Training\Malignant\Y518.jpg,2
Dataset\Training\Malignant\Y519.jpg,2
Dataset\Training\Malignant\Y52.jpg,2
Dataset\Training\Malignant\Y520.jpg,2
Dataset\Training\Malignant\Y521.jpg,2
Dataset\Training\Malignant\Y522.jpg,2
Dataset\Training\Malignant\Y523.jpg,2
Dataset\Training\Malignant\Y524.jpg,2
Dataset\Training\Malignant\Y525.jpg,2
Dataset\Training\Malignant\Y526.jpg,2
Dataset\Training\Malignant\Y527.jpg,2
Dataset\Training\Malignant\Y528.jpg,2
Dataset\Training\Malignant\Y529.jpg,2
Dataset\Training\Malignant\Y53.jpg,2
Dataset\Training\Malignant\Y530.jpg,2
Dataset\Training\Malignant\Y531.jpg,2
Dataset\Training\Malignant\Y532.jpg,2
Dataset\Training\Malignant\Y533.jpg,2
Dataset\Training\Malignant\Y534.jpg,2
Dataset\Training\Malignant\Y535.jpg,2
Dataset\Training\Malignant\Y536.jpg,2
Dataset\Training\Malignant\Y537.jpg,2
Dataset\Training\Malignant\Y538.jpg,2
Dataset\Training\Malignant\Y539.jpg,2
Dataset\Training\Malignant\Y54.jpg,2
Dataset\Training\Malignant\Y540.jpg,2
Dataset\Training\Malignant\Y541.jpg,2
Dataset\Training\Malignant\Y542.jpg,2
Dataset\Training\Malignant\Y543.jpg,2
Dataset\Training\Malignant\Y544.jpg,2
Dataset\Training\Malignant\Y545.jpg,2
Dataset\Training\Malignant\Y546.jpg,2
Dataset\Training\Malignant\Y547.jpg,2
Dataset\Training\Malignant\Y548.jpg,2
Dataset\Training\Malignant\Y549.jpg,2
Dataset\Training\Malignant\Y55.jpg,2
Dataset\Training\Malignant\Y550.jpg,2
Dataset\Training\Malignant\Y551.jpg,2
Dataset\Training\Malignant\Y552.jpg,2
Dataset\Training\Malignant\Y553.jpg,2
Dataset\Training\Malignant\Y554.jpg,2
Dataset\Training\Malignant\Y555.jpg,2
Dataset\Training\Malignant\Y556.jpg,2
Dataset\Training\Malignant\Y557.jpg,2
Dataset\Training\Malignant\Y558.jpg,2
Dataset\Training\Malignant\Y559.jpg,2
Dataset\Training\Malignant\Y56.jpg,2
Dataset\Training\Malignant\Y560.jpg,2
Dataset\Training\Malignant\Y561.jpg,2
Dataset\Training\Malignant\Y562.jpg,2
Dataset\Training\Malignant\Y563.jpg,2
Dataset\Training\Malignant\Y564.jpg,2
Dataset\Training\Malignant\Y565.jpg,2
Dataset\Training\Malignant\Y566.jpg,2
Dataset\Training\Malignant\Y567.jpg,2
Dataset\Training\Malignant\Y568.jpg,2
Dataset\Training\Malignant\Y569.jpg,2
Dataset\Training\Malignant\Y57.jpg,2
Dataset\Training\Malignant\Y570.jpg,2
Dataset\Training\Malignant\Y571.jpg,2
Dataset\Training\Malignant\Y572.jpg,2
Dataset\Training\Malignant\Y573.jpg,2
Dataset\Training\Malignant\Y574.jpg,2
Dataset\Training\Malignant\Y575.jpg,2
Dataset\Training\Malignant\Y576.jpg,2
Dataset\Training\Malignant\Y577.jpg,2
Dataset\Training\Malignant\Y578.jpg,2
Dataset\Training\Malignant\Y579.jpg,2
Dataset\Training\Malignant\Y58.jpg,2
Dataset\Training\Malignant\Y580.jpg,2
Dataset\Training\Malignant\Y581.jpg,2
Dataset\Training\Malignant\Y582.jpg,2
Dataset\Training\Malignant\Y583.jpg,2
Dataset\Training\Malignant\Y584.jpg,2
Dataset\Training\Malignant\Y585.jpg,2
Dataset\Training\Malignant\Y586.jpg,2
Dataset\Training\Malignant\Y587.jpg,2
Dataset\Training\Malignant\Y588.jpg,2
Dataset\Training\Malignant\Y589.jpg,2
Dataset\Training\Malignant\Y59.jpg,2
Dataset\Training\Malignant\Y590.jpg,2
Dataset\Training\Malignant\Y591.jpg,2
Dataset\Training\Malignant\Y592.jpg,2
Dataset\Training\Malignant\Y593.jpg,2
Dataset\Training\Malignant\Y594.jpg,2
Dataset\Training\Malignant\Y595.jpg,2
Dataset\Training\Malignant\Y596.jpg,2
Dataset\Training\Malignant\Y597.jpg,2
Dataset\Training\Malignant\Y598.jpg,2
Dataset\Training\Malignant\Y599.jpg,2
Dataset\Training\Malignant\Y6.jpg,2
Dataset\Training\Malignant\Y60.jpg,2
Dataset\Training\Malignant\Y600.jpg,2
Dataset\Training\Malignant\Y601.jpg,2
Dataset\Training\Malignant\Y602.jpg,2
Dataset\Training\Malignant\Y603.jpg,2
Dataset\Training\Malignant\Y604.jpg,2
Dataset\Training\Malignant\Y605.jpg,2
Dataset\Training\Malignant\Y606.jpg,2
Dataset\Training\Malignant\Y607.jpg,2
Dataset\Training\Malignant\Y608.jpg,2
Dataset\Training\Malignant\Y609.jpg,2
Dataset\Training\Malignant\Y61.jpg,2
Dataset\Training\Malignant\Y610.jpg,2
Dataset\Training\Malignant\Y611.jpg,2
Dataset\Training\Malignant\Y612.jpg,2
Dataset\Training\Malignant\Y613.jpg,2
Dataset\Training\Malignant\Y614.jpg,2
Dataset\Training\Malignant\Y615.jpg,2
Dataset\Training\Malignant\Y616.jpg,2
Dataset\Training\Malignant\Y617.jpg,2
Dataset\Training\Malignant\Y618.jpg,2
Dataset\Training\Malignant\Y619.jpg,2
Dataset\Training\Malignant\Y62.jpg,2
Dataset\Training\Malignant\Y620.jpg,2
Dataset\Training\Malignant\Y621.jpg,2
Dataset\Training\Malignant\Y622.jpg,2
Dataset\Training\Malignant\Y623.jpg,2
Dataset\Training\Malignant\Y624.jpg,2
Dataset\Training\Malignant\Y625.jpg,2
Dataset\Training\Malignant\Y626.jpg,2
Dataset\Training\Malignant\Y627.jpg,2
Dataset\Training\Malignant\Y628.jpg,2
Dataset\Training\Malignant\Y629.jpg,2
Dataset\Training\Malignant\Y63.jpg,2
Dataset\Training\Malignant\Y630.jpg,2
Dataset\Training\Malignant\Y631.jpg,2
Dataset\Training\Malignant\Y632.jpg,2
Dataset\Training\Malignant\Y633.jpg,2
Dataset\Training\Malignant\Y634.jpg,2
Dataset\Training\Malignant\Y635.jpg,2
Dataset\Training\Malignant\Y636.jpg,2
Dataset\Training\Malignant\Y637.jpg,2
Dataset\Training\Malignant\Y638.jpg,2
Dataset\Training\Malignant\Y639.jpg,2
Dataset\Training\Malignant\Y64.jpg,2
Dataset\Training\Malignant\Y640.jpg,2
Dataset\Training\Malignant\Y641.jpg,2
Dataset\Training\Malignant\Y642.jpg,2
Dataset\Training\Malignant\Y643.jpg,2
Dataset\Training\Malignant\Y644.jpg,2
Dataset\Training\Malignant\Y645.jpg,2
Dataset\Training\Malignant\Y646.jpg,2
Dataset\Training\Malignant\Y647.jpg,2
Dataset\Training\Malignant\Y648.jpg,2
Dataset\Training\Malignant\Y649.jpg,2
Dataset\Training\Malignant\Y65.jpg,2
Dataset\Training\Malignant\Y650.jpg,2
Dataset\Training\Malignant\Y651.jpg,2
Dataset\Training\Malignant\Y652.jpg,2
Dataset\Training\Malignant\Y653.jpg,2
Dataset\Training\Malignant\Y654.jpg,2
Dataset\Training\Malignant\Y655.jpg,2
Dataset\Training\Malignant\Y656.jpg,2
Dataset\Training\Malignant\Y657.jpg,2
Dataset\Training\Malignant\Y658.jpg,2
Dataset\Training\Malignant\Y659.jpg,2
Dataset\Training\Malignant\Y66.jpg,2
Dataset\Training\Malignant\Y660.jpg,2
Dataset\Training\Malignant\Y661.jpg,2
Dataset\Training\Malignant\Y662.jpg,2
Dataset\Training\Malignant\Y663.jpg,2
Dataset\Training\Malignant\Y664.jpg,2
Dataset\Training\Malignant\Y665.jpg,2
Dataset\Training\Malignant\Y666.jpg,2
Dataset\Training\Malignant\Y667.jpg,2
Dataset\Training\Malignant\Y668.jpg,2
Dataset\Training\Malignant\Y669.jpg,2
Dataset\Training\Malignant\Y67.jpg,2
Dataset\Training\Malignant\Y670.jpg,2
Dataset\Training\Malignant\Y671.jpg,2
Dataset\Training\Malignant\Y672.jpg,2
Dataset\Training\Malignant\Y673.jpg,2
Dataset\Training\Malignant\Y674.jpg,2
Dataset\Training\Malignant\Y675.jpg,2
Dataset\Training\Malignant\Y676.jpg,2
Dataset\Training\Malignant\Y677.jpg,2
Dataset\Training\Malignant\Y678.jpg,2
Dataset\Training\Malignant\Y679.jpg,2
Dataset\Training\Malignant\Y68.jpg,2
Dataset\Training\Malignant\Y680.jpg,2
Dataset\Training\Malignant\Y681.jpg,2
Dataset\Training\Malignant\Y682.jpg,2
Dataset\Training\Malignant\Y683.jpg,2
Dataset\Training\Malignant\Y684.jpg,2
Dataset\Training\Malignant\Y685.jpg,2
Dataset\Training\Malignant\Y686.jpg,2
Dataset\Training\Malignant\Y687.jpg,2
Dataset\Training\Malignant\Y688.jpg,2
Dataset\Training\Malignant\Y689.jpg,2
Dataset\Training\Malignant\Y69.jpg,2
Dataset\Training\Malignant\Y690.jpg,2
Dataset\Training\Malignant\Y691.jpg,2
Dataset\Training\Malignant\Y692.jpg,2
Dataset\Training\Malignant\Y693.jpg,2
Dataset\Training\Malignant\Y694.jpg,2
Dataset\Training\Malignant\Y695.jpg,2
Dataset\Training\Malignant\Y696.jpg,2
Dataset\Training\Malignant\Y697.jpg,2
Dataset\Training\Malignant\Y698.jpg,2
Dataset\Training\Malignant\Y699.jpg,2
Dataset\Training\Malignant\Y7.jpg,2
Dataset\Training\Malignant\Y70.jpg,2
Dataset\Training\Malignant\Y700.jpg,2
Dataset\Training\Malignant\Y701.jpg,2
Dataset\Training\Malignant\Y702.jpg,2
Dataset\Training\Malignant\Y703.jpg,2
Dataset\Training\Malignant\Y704.jpg,2
Dataset\Training\Malignant\Y705.jpg,2
Dataset\Training\Malignant\Y706.jpg,2
Dataset\Training\Malignant\Y707.jpg,2
Dataset\Training\Malignant\Y708.jpg,2
Dataset\Training\Malignant\Y709.jpg,2
Dataset\Training\Malignant\Y71.jpg,2
Dataset\Training\Malignant\Y710.jpg,2
Dataset\Training\Malignant\Y711.jpg,2
Dataset\Training\Malignant\Y712.jpg,2
Dataset\Training\Malignant\Y713.jpg,2
Dataset\Training\Malignant\Y714.jpg,2
Dataset\Training\Malignant\Y715.jpg,2
Dataset\Training\Malignant\Y716.jpg,2
Dataset\Training\Malignant\Y717.jpg,2
Dataset\Training\Malignant\Y718.jpg,2
Dataset\Training\Malignant\Y719.jpg,2
Dataset\Training\Malignant\Y72.jpg,2
Dataset\Training\Malignant\Y720.jpg,2
Dataset\Training\Malignant\Y721.jpg,2
Dataset\Training\Malignant\Y722.jpg,2
Dataset\Training\Malignant\Y723.jpg,2
Dataset\Training\Malignant\Y724.jpg,2
Dataset\Training\Malignant\Y725.jpg,2
Dataset\Training\Malignant\Y726.jpg,2
Dataset\Training\Malignant\Y727.jpg,2
Dataset\Training\Malignant\Y728.jpg,2
Dataset\Training\Malignant\Y729.jpg,2
Dataset\Training\Malignant\Y73.jpg,2
Dataset\Training\Malignant\Y730.jpg,2
Dataset\Training\Malignant\Y731.jpg,2
Dataset\Training\Malignant\Y732.jpg,2
Dataset\Training\Malignant\Y733.jpg,2
Dataset\Training\Malignant\Y734.jpg,2
Dataset\Training\Malignant\Y735.jpg,2
Dataset\Training\Malignant\Y736.jpg,2
Dataset\Training\Malignant\Y737.jpg,2
Dataset\Training\Malignant\Y738.jpg,2
Dataset\Training\Malignant\Y739.jpg,2
Dataset\Training\Malignant\Y74.jpg,2
Dataset\Training\Malignant\Y740.jpg,2
Dataset\Training\Malignant\Y741.jpg,2
Dataset\Training\Malignant\Y742.jpg,2
Dataset\Training\Malignant\Y743.jpg,2
Dataset\Training\Malignant\Y744.jpg,2
Dataset\Training\Malignant\Y745.jpg,2
Dataset\Training\Malignant\Y746.jpg,2
Dataset\Training\Malignant\Y747.jpg,2
Dataset\Training\Malignant\Y748.jpg,2
Dataset\Training\Malignant\Y749.jpg,2
Dataset\Training\Malignant\Y75.jpg,2
Dataset\Training\Malignant\Y750.jpg,2
Dataset\Training\Malignant\Y751.jpg,2
Dataset\Training\Malignant\Y752.jpg,2
Dataset\Training\Malignant\Y753.jpg,2
Dataset\Training\Malignant\Y754.jpg,2
Dataset\Training\Malignant\Y755.jpg,2
Dataset\Training\Malignant\Y756.jpg,2
Dataset\Training\Malignant\Y757.jpg,2
Dataset\Training\Malignant\Y758.jpg,2
Dataset\Training\Malignant\Y759.jpg,2
Dataset\Training\Malignant\Y76.jpg,2
Dataset\Training\Malignant\Y760.jpg,2
Dataset\Training\Malignant\Y761.jpg,2
Dataset\Training\Malignant\Y762.jpg,2
Dataset\Training\Malignant\Y763.jpg,2
Dataset\Training\Malignant\Y764.jpg,2
Dataset\Training\Malignant\Y765.jpg,2
Dataset\Training\Malignant\Y766.jpg,2
Dataset\Training\Malignant\Y767.jpg,2
Dataset\Training\Malignant\Y768.jpg,2
Dataset\Training\Malignant\Y769.jpg,2
Dataset\Training\Malignant\Y77.jpg,2
Dataset\Training\Malignant\Y770.jpg,2
Dataset\Training\Malignant\Y771.jpg,2
Dataset\Training\Malignant\Y772.jpg,2
Dataset\Training\Malignant\Y773.jpg,2
Dataset\Training\Malignant\Y774.jpg,2
Dataset\Training\Malignant\Y775.jpg,2
Dataset\Training\Malignant\Y776.jpg,2
Dataset\Training\Malignant\Y777.jpg,2
Dataset\Training\Malignant\Y778.jpg,2
Dataset\Training\Malignant\Y779.jpg,2
Dataset\Training\Malignant\Y78.jpg,2
Dataset\Training\Malignant\Y780.jpg,2
Dataset\Training\Malignant\Y781.jpg,2
Dataset\Training\Malignant\Y782.jpg,2
Dataset\Training\Malignant\Y783.jpg,2
Dataset\Training\Malignant\Y784.jpg,2
Dataset\Training\Malignant\Y785.jpg,2
Dataset\Training\Malignant\Y786.jpg,2
Dataset\Training\Malignant\Y787.jpg,2
Dataset\Training\Malignant\Y788.jpg,2
Dataset\Training\Malignant\Y789.jpg,2
Dataset\Training\Malignant\Y79.jpg,2
Dataset\Training\Malignant\Y790.jpg,2
Dataset\Training\Malignant\Y791.jpg,2
Dataset\Training\Malignant\Y792.jpg,2
Dataset\Training\Malignant\Y793.jpg,2
Dataset\Training\Malignant\Y794.jpg,2
Dataset\Training\Malignant\Y795.jpg,2
Dataset\Training\Malignant\Y796.jpg,2
Dataset\Training\Malignant\Y797.jpg,2
Dataset\Training\Malignant\Y798.jpg,2
Dataset\Training\Malignant\Y799.jpg,2
Dataset\Training\Malignant\Y8.jpg,2
Dataset\Training\Malignant\Y80.jpg,2
Dataset\Training\Malignant\Y800.jpg,2
Dataset\Training\Malignant\Y801.jpg,2
Dataset\Training\Malignant\Y802.jpg,2
Dataset\Training\Malignant\Y803.jpg,2
Dataset\Training\Malignant\Y804.jpg,2
Dataset\Training\Malignant\Y805.jpg,2
Dataset\Training\Malignant\Y806.jpg,2
Dataset\Training\Malignant\Y807.jpg,2
Dataset\Training\Malignant\Y808.jpg,2
Dataset\Training\Malignant\Y809.jpg,2
Dataset\Training\Malignant\Y81.jpg,2
Dataset\Training\Malignant\Y810.jpg,2
Dataset\Training\Malignant\Y811.jpg,2
Dataset\Training\Malignant\Y812.jpg,2
Dataset\Training\Malignant\Y813.jpg,2
Dataset\Training\Malignant\Y814.jpg,2
Dataset\Training\Malignant\Y815.jpg,2
Dataset\Training\Malignant\Y816.jpg,2
Dataset\Training\Malignant\Y817.jpg,2
Dataset\Training\Malignant\Y818.jpg,2
Dataset\Training\Malignant\Y819.jpg,2
Dataset\Training\Malignant\Y82.jpg,2
Dataset\Training\Malignant\Y820.jpg,2
Dataset\Training\Malignant\Y821.jpg,2
Dataset\Training\Malignant\Y822.jpg,2
Dataset\Training\Malignant\Y823.jpg,2
Dataset\Training\Malignant\Y824.jpg,2
Dataset\Training\Malignant\Y825.jpg,2
Dataset\Training\Malignant\Y826.jpg,2
Dataset\Training\Malignant\Y83.jpg,2
Dataset\Training\Malignant\Y84.jpg,2
Dataset\Training\Malignant\Y85.jpg,2
Dataset\Training\Malignant\Y86.jpg,2
Dataset\Training\Malignant\Y87.jpg,2
Dataset\Training\Malignant\Y88.jpg,2
Dataset\Training\Malignant\Y89.jpg,2
Dataset\Training\Malignant\Y9.jpg,2
Dataset\Training\Malignant\Y90.jpg,2
Dataset\Training\Malignant\Y91.jpg,2
Dataset\Training\Malignant\Y92.jpg,2
Dataset\Training\Malignant\Y93.jpg,2
Dataset\Training\Malignant\Y94.jpg,2
Dataset\Training\Malignant\Y95.jpg,2
Dataset\Training\Malignant\Y96.jpg,2
Dataset\Training\Malignant\Y97.jpg,2
Dataset\Training\Malignant\Y98.jpg,2
Dataset\Training\Malignant\Y99.jpg,2
